"shoes,socks,rice",26051.0
"shoes,socks,wheat",26051.0
"shoes,socks,pickle",13164.0
"shoes,socks,colgate",13164.0
"shoes,socks,brush",13164.0
"shoes,socks,freshner",17552.0
"shoes,socks,pants",26143.0
"shoes,socks,slim_shirt",30531.0
"shoes,socks,shirt",13072.0
"shoes,socks,curtains",13164.0
"shoes,socks,bedsheets",17552.0
"shoes,socks,tiffin",17460.0
"shoes,socks,bottle",17460.0
"shoes,socks,pears",13072.0
"shoes,socks,hairoil",17460.0
"shoes,socks,shampoo",17460.0
"shoes,socks,bournvita",17368.0
"shoes,socks,ketchup",39123.0
"shoes,socks,maggi",39123.0
"shoes,socks,mariegold",17367.0
"shoes,socks,magnum",17367.0
"shoes,socks,towel",21756.0
"shoes,socks,tissue",30532.0
"shoes,socks,pepsi",26144.0
"shoes,socks,maaza",26144.0
"shoes,socks,icecream",26143.0
"shoes,socks,paneer",17367.0
"shoes,socks,milkmaid",17368.0
"shoes,socks,deo",30531.0
"shoes,socks,papad",26143.0
"shoes,socks,nuggets",26144.0
"shoes,socks,sugar",17368.0
"shoes,rice,wheat",26051.0
"shoes,rice,pickle",13164.0
"shoes,rice,pants",13071.0
"shoes,rice,slim_shirt",13071.0
"shoes,rice,tiffin",13072.0
"shoes,rice,bottle",13072.0
"shoes,rice,bournvita",13072.0
"shoes,rice,ketchup",26051.0
"shoes,rice,maggi",26051.0
"shoes,rice,mariegold",12979.0
"shoes,rice,magnum",12979.0
"shoes,rice,towel",13072.0
"shoes,rice,tissue",17460.0
"shoes,rice,pepsi",17460.0
"shoes,rice,maaza",17460.0
"shoes,rice,icecream",17367.0
"shoes,rice,paneer",12979.0
"shoes,rice,milkmaid",13072.0
"shoes,rice,deo",17367.0
"shoes,rice,papad",17367.0
"shoes,rice,nuggets",17460.0
"shoes,wheat,pickle",13164.0
"shoes,wheat,pants",13071.0
"shoes,wheat,slim_shirt",13071.0
"shoes,wheat,tiffin",13072.0
"shoes,wheat,bottle",13072.0
"shoes,wheat,bournvita",13072.0
"shoes,wheat,ketchup",26051.0
"shoes,wheat,maggi",26051.0
"shoes,wheat,mariegold",12979.0
"shoes,wheat,magnum",12979.0
"shoes,wheat,towel",13072.0
"shoes,wheat,tissue",17460.0
"shoes,wheat,pepsi",17460.0
"shoes,wheat,maaza",17460.0
"shoes,wheat,icecream",17367.0
"shoes,wheat,paneer",12979.0
"shoes,wheat,milkmaid",13072.0
"shoes,wheat,deo",17367.0
"shoes,wheat,papad",17367.0
"shoes,wheat,nuggets",17460.0
"shoes,pickle,ketchup",13164.0
"shoes,pickle,maggi",13164.0
"shoes,pickle,tissue",13164.0
"shoes,pickle,pepsi",13164.0
"shoes,pickle,maaza",13164.0
"shoes,pickle,nuggets",13164.0
"shoes,colgate,brush",13164.0
"shoes,colgate,freshner",13164.0
"shoes,colgate,towel",13164.0
"shoes,colgate,tissue",13164.0
"shoes,brush,freshner",13164.0
"shoes,brush,towel",13164.0
"shoes,brush,tissue",13164.0
"shoes,freshner,slim_shirt",13164.0
"shoes,freshner,bedsheets",13164.0
"shoes,freshner,hairoil",13164.0
"shoes,freshner,shampoo",13164.0
"shoes,freshner,ketchup",13164.0
"shoes,freshner,maggi",13164.0
"shoes,freshner,towel",13164.0
"shoes,freshner,tissue",13164.0
"shoes,freshner,deo",13164.0
"shoes,pants,slim_shirt",26143.0
"shoes,pants,curtains",13164.0
"shoes,pants,bedsheets",13164.0
"shoes,pants,tiffin",13164.0
"shoes,pants,bottle",13164.0
"shoes,pants,pears",13072.0
"shoes,pants,hairoil",13072.0
"shoes,pants,shampoo",13072.0
"shoes,pants,ketchup",21755.0
"shoes,pants,maggi",21755.0
"shoes,pants,towel",13072.0
"shoes,pants,tissue",21848.0
"shoes,pants,pepsi",17460.0
"shoes,pants,maaza",17460.0
"shoes,pants,icecream",17459.0
"shoes,pants,deo",21847.0
"shoes,pants,papad",17459.0
"shoes,pants,nuggets",17460.0
"shoes,slim_shirt,curtains",13164.0
"shoes,slim_shirt,bedsheets",17552.0
"shoes,slim_shirt,tiffin",13164.0
"shoes,slim_shirt,bottle",13164.0
"shoes,slim_shirt,pears",13072.0
"shoes,slim_shirt,hairoil",17460.0
"shoes,slim_shirt,shampoo",17460.0
"shoes,slim_shirt,ketchup",26143.0
"shoes,slim_shirt,maggi",26143.0
"shoes,slim_shirt,mariegold",13071.0
"shoes,slim_shirt,magnum",13071.0
"shoes,slim_shirt,towel",13072.0
"shoes,slim_shirt,tissue",21848.0
"shoes,slim_shirt,pepsi",17460.0
"shoes,slim_shirt,maaza",17460.0
"shoes,slim_shirt,icecream",21847.0
"shoes,slim_shirt,paneer",13071.0
"shoes,slim_shirt,deo",26235.0
"shoes,slim_shirt,papad",21847.0
"shoes,slim_shirt,nuggets",17460.0
"shoes,shirt,tiffin",13072.0
"shoes,shirt,bottle",13072.0
"shoes,shirt,deo",13072.0
"shoes,curtains,bedsheets",13164.0
"shoes,curtains,tissue",13164.0
"shoes,curtains,deo",13164.0
"shoes,bedsheets,hairoil",13164.0
"shoes,bedsheets,shampoo",13164.0
"shoes,bedsheets,ketchup",13164.0
"shoes,bedsheets,maggi",13164.0
"shoes,bedsheets,tissue",13164.0
"shoes,bedsheets,icecream",13164.0
"shoes,bedsheets,deo",17552.0
"shoes,bedsheets,papad",13164.0
"shoes,tiffin,bottle",17460.0
"shoes,tiffin,ketchup",13072.0
"shoes,tiffin,maggi",13072.0
"shoes,tiffin,tissue",13164.0
"shoes,tiffin,icecream",13072.0
"shoes,tiffin,deo",17460.0
"shoes,tiffin,papad",13072.0
"shoes,bottle,ketchup",13072.0
"shoes,bottle,maggi",13072.0
"shoes,bottle,tissue",13164.0
"shoes,bottle,icecream",13072.0
"shoes,bottle,deo",17460.0
"shoes,bottle,papad",13072.0
"shoes,pears,hairoil",13072.0
"shoes,pears,shampoo",13072.0
"shoes,pears,towel",13072.0
"shoes,pears,tissue",13072.0
"shoes,hairoil,shampoo",17460.0
"shoes,hairoil,ketchup",13072.0
"shoes,hairoil,maggi",13072.0
"shoes,hairoil,towel",13072.0
"shoes,hairoil,tissue",13072.0
"shoes,hairoil,deo",13164.0
"shoes,shampoo,ketchup",13072.0
"shoes,shampoo,maggi",13072.0
"shoes,shampoo,towel",13072.0
"shoes,shampoo,tissue",13072.0
"shoes,shampoo,deo",13164.0
"shoes,bournvita,ketchup",17368.0
"shoes,bournvita,maggi",17368.0
"shoes,bournvita,towel",17368.0
"shoes,bournvita,tissue",17368.0
"shoes,bournvita,pepsi",17368.0
"shoes,bournvita,maaza",17368.0
"shoes,bournvita,milkmaid",17368.0
"shoes,bournvita,nuggets",17368.0
"shoes,bournvita,sugar",12980.0
"shoes,ketchup,maggi",39123.0
"shoes,ketchup,mariegold",17367.0
"shoes,ketchup,magnum",17367.0
"shoes,ketchup,towel",17368.0
"shoes,ketchup,tissue",26144.0
"shoes,ketchup,pepsi",26144.0
"shoes,ketchup,maaza",26144.0
"shoes,ketchup,icecream",26143.0
"shoes,ketchup,paneer",17367.0
"shoes,ketchup,milkmaid",17368.0
"shoes,ketchup,deo",26143.0
"shoes,ketchup,papad",26143.0
"shoes,ketchup,nuggets",26144.0
"shoes,ketchup,sugar",12980.0
"shoes,maggi,mariegold",17367.0
"shoes,maggi,magnum",17367.0
"shoes,maggi,towel",17368.0
"shoes,maggi,tissue",26144.0
"shoes,maggi,pepsi",26144.0
"shoes,maggi,maaza",26144.0
"shoes,maggi,icecream",26143.0
"shoes,maggi,paneer",17367.0
"shoes,maggi,milkmaid",17368.0
"shoes,maggi,deo",26143.0
"shoes,maggi,papad",26143.0
"shoes,maggi,nuggets",26144.0
"shoes,maggi,sugar",12980.0
"shoes,mariegold,magnum",17367.0
"shoes,mariegold,icecream",17367.0
"shoes,mariegold,paneer",17367.0
"shoes,mariegold,deo",17367.0
"shoes,mariegold,papad",17367.0
"shoes,magnum,icecream",17367.0
"shoes,magnum,paneer",17367.0
"shoes,magnum,deo",17367.0
"shoes,magnum,papad",17367.0
"shoes,towel,tissue",21756.0
"shoes,towel,pepsi",17368.0
"shoes,towel,maaza",17368.0
"shoes,towel,milkmaid",17368.0
"shoes,towel,nuggets",17368.0
"shoes,towel,sugar",17368.0
"shoes,tissue,pepsi",26144.0
"shoes,tissue,maaza",26144.0
"shoes,tissue,icecream",13164.0
"shoes,tissue,milkmaid",17368.0
"shoes,tissue,deo",17552.0
"shoes,tissue,papad",13164.0
"shoes,tissue,nuggets",26144.0
"shoes,tissue,sugar",17368.0
"shoes,pepsi,maaza",26144.0
"shoes,pepsi,icecream",13164.0
"shoes,pepsi,milkmaid",17368.0
"shoes,pepsi,deo",13164.0
"shoes,pepsi,papad",13164.0
"shoes,pepsi,nuggets",26144.0
"shoes,pepsi,sugar",12980.0
"shoes,maaza,icecream",13164.0
"shoes,maaza,milkmaid",17368.0
"shoes,maaza,deo",13164.0
"shoes,maaza,papad",13164.0
"shoes,maaza,nuggets",26144.0
"shoes,maaza,sugar",12980.0
"shoes,icecream,paneer",17367.0
"shoes,icecream,deo",26143.0
"shoes,icecream,papad",26143.0
"shoes,icecream,nuggets",13164.0
"shoes,paneer,deo",17367.0
"shoes,paneer,papad",17367.0
"shoes,milkmaid,nuggets",17368.0
"shoes,milkmaid,sugar",12980.0
"shoes,deo,papad",26143.0
"shoes,deo,nuggets",13164.0
"shoes,papad,nuggets",13164.0
"shoes,nuggets,sugar",12980.0
"socks,rice,wheat",26051.0
"socks,rice,pickle",13164.0
"socks,rice,pants",13071.0
"socks,rice,slim_shirt",13071.0
"socks,rice,tiffin",13072.0
"socks,rice,bottle",13072.0
"socks,rice,bournvita",13072.0
"socks,rice,ketchup",26051.0
"socks,rice,maggi",26051.0
"socks,rice,mariegold",12979.0
"socks,rice,magnum",12979.0
"socks,rice,towel",13072.0
"socks,rice,tissue",17460.0
"socks,rice,pepsi",17460.0
"socks,rice,maaza",17460.0
"socks,rice,icecream",17367.0
"socks,rice,paneer",12979.0
"socks,rice,milkmaid",13072.0
"socks,rice,deo",17367.0
"socks,rice,papad",17367.0
"socks,rice,nuggets",17460.0
"socks,wheat,pickle",13164.0
"socks,wheat,pants",13071.0
"socks,wheat,slim_shirt",13071.0
"socks,wheat,tiffin",13072.0
"socks,wheat,bottle",13072.0
"socks,wheat,bournvita",13072.0
"socks,wheat,ketchup",26051.0
"socks,wheat,maggi",26051.0
"socks,wheat,mariegold",12979.0
"socks,wheat,magnum",12979.0
"socks,wheat,towel",13072.0
"socks,wheat,tissue",17460.0
"socks,wheat,pepsi",17460.0
"socks,wheat,maaza",17460.0
"socks,wheat,icecream",17367.0
"socks,wheat,paneer",12979.0
"socks,wheat,milkmaid",13072.0
"socks,wheat,deo",17367.0
"socks,wheat,papad",17367.0
"socks,wheat,nuggets",17460.0
"socks,pickle,ketchup",13164.0
"socks,pickle,maggi",13164.0
"socks,pickle,tissue",13164.0
"socks,pickle,pepsi",13164.0
"socks,pickle,maaza",13164.0
"socks,pickle,nuggets",13164.0
"socks,colgate,brush",13164.0
"socks,colgate,freshner",13164.0
"socks,colgate,towel",13164.0
"socks,colgate,tissue",13164.0
"socks,brush,freshner",13164.0
"socks,brush,towel",13164.0
"socks,brush,tissue",13164.0
"socks,freshner,slim_shirt",13164.0
"socks,freshner,bedsheets",13164.0
"socks,freshner,hairoil",13164.0
"socks,freshner,shampoo",13164.0
"socks,freshner,ketchup",13164.0
"socks,freshner,maggi",13164.0
"socks,freshner,towel",13164.0
"socks,freshner,tissue",13164.0
"socks,freshner,deo",13164.0
"socks,pants,slim_shirt",26143.0
"socks,pants,curtains",13164.0
"socks,pants,bedsheets",13164.0
"socks,pants,tiffin",13164.0
"socks,pants,bottle",13164.0
"socks,pants,pears",13072.0
"socks,pants,hairoil",13072.0
"socks,pants,shampoo",13072.0
"socks,pants,ketchup",21755.0
"socks,pants,maggi",21755.0
"socks,pants,towel",13072.0
"socks,pants,tissue",21848.0
"socks,pants,pepsi",17460.0
"socks,pants,maaza",17460.0
"socks,pants,icecream",17459.0
"socks,pants,deo",21847.0
"socks,pants,papad",17459.0
"socks,pants,nuggets",17460.0
"socks,slim_shirt,curtains",13164.0
"socks,slim_shirt,bedsheets",17552.0
"socks,slim_shirt,tiffin",13164.0
"socks,slim_shirt,bottle",13164.0
"socks,slim_shirt,pears",13072.0
"socks,slim_shirt,hairoil",17460.0
"socks,slim_shirt,shampoo",17460.0
"socks,slim_shirt,ketchup",26143.0
"socks,slim_shirt,maggi",26143.0
"socks,slim_shirt,mariegold",13071.0
"socks,slim_shirt,magnum",13071.0
"socks,slim_shirt,towel",13072.0
"socks,slim_shirt,tissue",21848.0
"socks,slim_shirt,pepsi",17460.0
"socks,slim_shirt,maaza",17460.0
"socks,slim_shirt,icecream",21847.0
"socks,slim_shirt,paneer",13071.0
"socks,slim_shirt,deo",26235.0
"socks,slim_shirt,papad",21847.0
"socks,slim_shirt,nuggets",17460.0
"socks,shirt,tiffin",13072.0
"socks,shirt,bottle",13072.0
"socks,shirt,deo",13072.0
"socks,curtains,bedsheets",13164.0
"socks,curtains,tissue",13164.0
"socks,curtains,deo",13164.0
"socks,bedsheets,hairoil",13164.0
"socks,bedsheets,shampoo",13164.0
"socks,bedsheets,ketchup",13164.0
"socks,bedsheets,maggi",13164.0
"socks,bedsheets,tissue",13164.0
"socks,bedsheets,icecream",13164.0
"socks,bedsheets,deo",17552.0
"socks,bedsheets,papad",13164.0
"socks,tiffin,bottle",17460.0
"socks,tiffin,ketchup",13072.0
"socks,tiffin,maggi",13072.0
"socks,tiffin,tissue",13164.0
"socks,tiffin,icecream",13072.0
"socks,tiffin,deo",17460.0
"socks,tiffin,papad",13072.0
"socks,bottle,ketchup",13072.0
"socks,bottle,maggi",13072.0
"socks,bottle,tissue",13164.0
"socks,bottle,icecream",13072.0
"socks,bottle,deo",17460.0
"socks,bottle,papad",13072.0
"socks,pears,hairoil",13072.0
"socks,pears,shampoo",13072.0
"socks,pears,towel",13072.0
"socks,pears,tissue",13072.0
"socks,hairoil,shampoo",17460.0
"socks,hairoil,ketchup",13072.0
"socks,hairoil,maggi",13072.0
"socks,hairoil,towel",13072.0
"socks,hairoil,tissue",13072.0
"socks,hairoil,deo",13164.0
"socks,shampoo,ketchup",13072.0
"socks,shampoo,maggi",13072.0
"socks,shampoo,towel",13072.0
"socks,shampoo,tissue",13072.0
"socks,shampoo,deo",13164.0
"socks,bournvita,ketchup",17368.0
"socks,bournvita,maggi",17368.0
"socks,bournvita,towel",17368.0
"socks,bournvita,tissue",17368.0
"socks,bournvita,pepsi",17368.0
"socks,bournvita,maaza",17368.0
"socks,bournvita,milkmaid",17368.0
"socks,bournvita,nuggets",17368.0
"socks,bournvita,sugar",12980.0
"socks,ketchup,maggi",39123.0
"socks,ketchup,mariegold",17367.0
"socks,ketchup,magnum",17367.0
"socks,ketchup,towel",17368.0
"socks,ketchup,tissue",26144.0
"socks,ketchup,pepsi",26144.0
"socks,ketchup,maaza",26144.0
"socks,ketchup,icecream",26143.0
"socks,ketchup,paneer",17367.0
"socks,ketchup,milkmaid",17368.0
"socks,ketchup,deo",26143.0
"socks,ketchup,papad",26143.0
"socks,ketchup,nuggets",26144.0
"socks,ketchup,sugar",12980.0
"socks,maggi,mariegold",17367.0
"socks,maggi,magnum",17367.0
"socks,maggi,towel",17368.0
"socks,maggi,tissue",26144.0
"socks,maggi,pepsi",26144.0
"socks,maggi,maaza",26144.0
"socks,maggi,icecream",26143.0
"socks,maggi,paneer",17367.0
"socks,maggi,milkmaid",17368.0
"socks,maggi,deo",26143.0
"socks,maggi,papad",26143.0
"socks,maggi,nuggets",26144.0
"socks,maggi,sugar",12980.0
"socks,mariegold,magnum",17367.0
"socks,mariegold,icecream",17367.0
"socks,mariegold,paneer",17367.0
"socks,mariegold,deo",17367.0
"socks,mariegold,papad",17367.0
"socks,magnum,icecream",17367.0
"socks,magnum,paneer",17367.0
"socks,magnum,deo",17367.0
"socks,magnum,papad",17367.0
"socks,towel,tissue",21756.0
"socks,towel,pepsi",17368.0
"socks,towel,maaza",17368.0
"socks,towel,milkmaid",17368.0
"socks,towel,nuggets",17368.0
"socks,towel,sugar",17368.0
"socks,tissue,pepsi",26144.0
"socks,tissue,maaza",26144.0
"socks,tissue,icecream",13164.0
"socks,tissue,milkmaid",17368.0
"socks,tissue,deo",17552.0
"socks,tissue,papad",13164.0
"socks,tissue,nuggets",26144.0
"socks,tissue,sugar",17368.0
"socks,pepsi,maaza",26144.0
"socks,pepsi,icecream",13164.0
"socks,pepsi,milkmaid",17368.0
"socks,pepsi,deo",13164.0
"socks,pepsi,papad",13164.0
"socks,pepsi,nuggets",26144.0
"socks,pepsi,sugar",12980.0
"socks,maaza,icecream",13164.0
"socks,maaza,milkmaid",17368.0
"socks,maaza,deo",13164.0
"socks,maaza,papad",13164.0
"socks,maaza,nuggets",26144.0
"socks,maaza,sugar",12980.0
"socks,icecream,paneer",17367.0
"socks,icecream,deo",26143.0
"socks,icecream,papad",26143.0
"socks,icecream,nuggets",13164.0
"socks,paneer,deo",17367.0
"socks,paneer,papad",17367.0
"socks,milkmaid,nuggets",17368.0
"socks,milkmaid,sugar",12980.0
"socks,deo,papad",26143.0
"socks,deo,nuggets",13164.0
"socks,papad,nuggets",13164.0
"socks,nuggets,sugar",12980.0
"cheese,bread,parle_g",17460.0
"cheese,bread,choco_pie",17460.0
"cheese,bread,bournvita",13164.0
"cheese,bread,ketchup",30440.0
"cheese,bread,maggi",30440.0
"cheese,bread,mariegold",13072.0
"cheese,bread,magnum",13072.0
"cheese,bread,tissue",17368.0
"cheese,bread,pepsi",21756.0
"cheese,bread,maaza",21756.0
"cheese,bread,icecream",21664.0
"cheese,bread,paneer",13072.0
"cheese,bread,milkmaid",13164.0
"cheese,bread,deo",17276.0
"cheese,bread,papad",21664.0
"cheese,bread,nuggets",21756.0
"cheese,parle_g,choco_pie",17460.0
"cheese,parle_g,ketchup",17460.0
"cheese,parle_g,maggi",17460.0
"cheese,parle_g,pepsi",13072.0
"cheese,parle_g,maaza",13072.0
"cheese,parle_g,icecream",13072.0
"cheese,parle_g,papad",13072.0
"cheese,parle_g,nuggets",13072.0
"cheese,choco_pie,ketchup",17460.0
"cheese,choco_pie,maggi",17460.0
"cheese,choco_pie,pepsi",13072.0
"cheese,choco_pie,maaza",13072.0
"cheese,choco_pie,icecream",13072.0
"cheese,choco_pie,papad",13072.0
"cheese,choco_pie,nuggets",13072.0
"cheese,bournvita,ketchup",13164.0
"cheese,bournvita,maggi",13164.0
"cheese,bournvita,pepsi",13164.0
"cheese,bournvita,maaza",13164.0
"cheese,bournvita,milkmaid",13164.0
"cheese,bournvita,nuggets",13164.0
"cheese,ketchup,maggi",30440.0
"cheese,ketchup,mariegold",13072.0
"cheese,ketchup,magnum",13072.0
"cheese,ketchup,tissue",17368.0
"cheese,ketchup,pepsi",21756.0
"cheese,ketchup,maaza",21756.0
"cheese,ketchup,icecream",21664.0
"cheese,ketchup,paneer",13072.0
"cheese,ketchup,milkmaid",13164.0
"cheese,ketchup,deo",17276.0
"cheese,ketchup,papad",21664.0
"cheese,ketchup,nuggets",21756.0
"cheese,maggi,mariegold",13072.0
"cheese,maggi,magnum",13072.0
"cheese,maggi,tissue",17368.0
"cheese,maggi,pepsi",21756.0
"cheese,maggi,maaza",21756.0
"cheese,maggi,icecream",21664.0
"cheese,maggi,paneer",13072.0
"cheese,maggi,milkmaid",13164.0
"cheese,maggi,deo",17276.0
"cheese,maggi,papad",21664.0
"cheese,maggi,nuggets",21756.0
"cheese,mariegold,magnum",13072.0
"cheese,mariegold,icecream",13072.0
"cheese,mariegold,paneer",13072.0
"cheese,mariegold,papad",13072.0
"cheese,magnum,icecream",13072.0
"cheese,magnum,paneer",13072.0
"cheese,magnum,papad",13072.0
"cheese,tissue,pepsi",17368.0
"cheese,tissue,maaza",17368.0
"cheese,tissue,nuggets",17368.0
"cheese,pepsi,maaza",21756.0
"cheese,pepsi,icecream",12980.0
"cheese,pepsi,milkmaid",13164.0
"cheese,pepsi,papad",12980.0
"cheese,pepsi,nuggets",21756.0
"cheese,maaza,icecream",12980.0
"cheese,maaza,milkmaid",13164.0
"cheese,maaza,papad",12980.0
"cheese,maaza,nuggets",21756.0
"cheese,icecream,paneer",13072.0
"cheese,icecream,deo",17276.0
"cheese,icecream,papad",21664.0
"cheese,icecream,nuggets",12980.0
"cheese,paneer,papad",13072.0
"cheese,milkmaid,nuggets",13164.0
"cheese,deo,papad",17276.0
"cheese,papad,nuggets",12980.0
"bread,pizza_base,ketchup",17367.0
"bread,pizza_base,maggi",17367.0
"bread,pizza_base,pepsi",12979.0
"bread,pizza_base,maaza",12979.0
"bread,pizza_base,icecream",13071.0
"bread,pizza_base,papad",13071.0
"bread,pizza_base,nuggets",12979.0
"bread,colgate,brush",12979.0
"bread,colgate,clg_plax",12979.0
"bread,colgate,ketchup",12979.0
"bread,colgate,maggi",12979.0
"bread,brush,clg_plax",12979.0
"bread,brush,ketchup",12979.0
"bread,brush,maggi",12979.0
"bread,parle_g,choco_pie",17460.0
"bread,parle_g,ketchup",17460.0
"bread,parle_g,maggi",17460.0
"bread,parle_g,pepsi",13072.0
"bread,parle_g,maaza",13072.0
"bread,parle_g,icecream",13072.0
"bread,parle_g,papad",13072.0
"bread,parle_g,nuggets",13072.0
"bread,choco_pie,ketchup",17460.0
"bread,choco_pie,maggi",17460.0
"bread,choco_pie,pepsi",13072.0
"bread,choco_pie,maaza",13072.0
"bread,choco_pie,icecream",13072.0
"bread,choco_pie,papad",13072.0
"bread,choco_pie,nuggets",13072.0
"bread,clg_plax,ketchup",12979.0
"bread,clg_plax,maggi",12979.0
"bread,bournvita,ketchup",17460.0
"bread,bournvita,maggi",17460.0
"bread,bournvita,towel",13072.0
"bread,bournvita,tissue",13072.0
"bread,bournvita,pepsi",17460.0
"bread,bournvita,maaza",17460.0
"bread,bournvita,milkmaid",17460.0
"bread,bournvita,nuggets",17460.0
"bread,bournvita,sugar",13072.0
"bread,ketchup,maggi",39031.0
"bread,ketchup,mariegold",13072.0
"bread,ketchup,magnum",13072.0
"bread,ketchup,towel",13072.0
"bread,ketchup,tissue",25959.0
"bread,ketchup,pepsi",30347.0
"bread,ketchup,maaza",30347.0
"bread,ketchup,icecream",25959.0
"bread,ketchup,paneer",13072.0
"bread,ketchup,milkmaid",17460.0
"bread,ketchup,deo",21571.0
"bread,ketchup,papad",25959.0
"bread,ketchup,nuggets",30347.0
"bread,ketchup,sugar",13072.0
"bread,maggi,mariegold",13072.0
"bread,maggi,magnum",13072.0
"bread,maggi,towel",13072.0
"bread,maggi,tissue",25959.0
"bread,maggi,pepsi",30347.0
"bread,maggi,maaza",30347.0
"bread,maggi,icecream",25959.0
"bread,maggi,paneer",13072.0
"bread,maggi,milkmaid",17460.0
"bread,maggi,deo",21571.0
"bread,maggi,papad",25959.0
"bread,maggi,nuggets",30347.0
"bread,maggi,sugar",13072.0
"bread,mariegold,magnum",13072.0
"bread,mariegold,icecream",13072.0
"bread,mariegold,paneer",13072.0
"bread,mariegold,papad",13072.0
"bread,magnum,icecream",13072.0
"bread,magnum,paneer",13072.0
"bread,magnum,papad",13072.0
"bread,towel,tissue",13072.0
"bread,towel,pepsi",13072.0
"bread,towel,maaza",13072.0
"bread,towel,milkmaid",13072.0
"bread,towel,nuggets",13072.0
"bread,towel,sugar",13072.0
"bread,tissue,pepsi",25959.0
"bread,tissue,maaza",25959.0
"bread,tissue,icecream",12887.0
"bread,tissue,milkmaid",13072.0
"bread,tissue,deo",12887.0
"bread,tissue,papad",12887.0
"bread,tissue,nuggets",25959.0
"bread,tissue,sugar",13072.0
"bread,pepsi,maaza",30347.0
"bread,pepsi,icecream",17275.0
"bread,pepsi,milkmaid",17460.0
"bread,pepsi,deo",12887.0
"bread,pepsi,papad",17275.0
"bread,pepsi,nuggets",30347.0
"bread,pepsi,sugar",13072.0
"bread,maaza,icecream",17275.0
"bread,maaza,milkmaid",17460.0
"bread,maaza,deo",12887.0
"bread,maaza,papad",17275.0
"bread,maaza,nuggets",30347.0
"bread,maaza,sugar",13072.0
"bread,icecream,paneer",13072.0
"bread,icecream,deo",21571.0
"bread,icecream,papad",25959.0
"bread,icecream,nuggets",17275.0
"bread,paneer,papad",13072.0
"bread,milkmaid,nuggets",17460.0
"bread,milkmaid,sugar",13072.0
"bread,deo,papad",21571.0
"bread,deo,nuggets",12887.0
"bread,papad,nuggets",17275.0
"bread,nuggets,sugar",13072.0
"pizza_base,bournvita,ketchup",13072.0
"pizza_base,bournvita,maggi",13072.0
"pizza_base,bournvita,pepsi",13072.0
"pizza_base,bournvita,maaza",13072.0
"pizza_base,bournvita,milkmaid",13072.0
"pizza_base,bournvita,nuggets",13072.0
"pizza_base,ketchup,maggi",21755.0
"pizza_base,ketchup,tissue",12979.0
"pizza_base,ketchup,pepsi",17367.0
"pizza_base,ketchup,maaza",17367.0
"pizza_base,ketchup,icecream",13071.0
"pizza_base,ketchup,milkmaid",13072.0
"pizza_base,ketchup,papad",13071.0
"pizza_base,ketchup,nuggets",17367.0
"pizza_base,maggi,tissue",12979.0
"pizza_base,maggi,pepsi",17367.0
"pizza_base,maggi,maaza",17367.0
"pizza_base,maggi,icecream",13071.0
"pizza_base,maggi,milkmaid",13072.0
"pizza_base,maggi,papad",13071.0
"pizza_base,maggi,nuggets",17367.0
"pizza_base,tissue,pepsi",12979.0
"pizza_base,tissue,maaza",12979.0
"pizza_base,tissue,nuggets",12979.0
"pizza_base,pepsi,maaza",17367.0
"pizza_base,pepsi,milkmaid",13072.0
"pizza_base,pepsi,nuggets",17367.0
"pizza_base,maaza,milkmaid",13072.0
"pizza_base,maaza,nuggets",17367.0
"pizza_base,icecream,papad",13071.0
"pizza_base,milkmaid,nuggets",13072.0
"rice,wheat,pickle",21940.0
"rice,wheat,jam",13164.0
"rice,wheat,colgate",13164.0
"rice,wheat,brush",13164.0
"rice,wheat,parle_g",17368.0
"rice,wheat,choco_pie",17368.0
"rice,wheat,pants",13071.0
"rice,wheat,slim_shirt",13071.0
"rice,wheat,tiffin",13072.0
"rice,wheat,bottle",13072.0
"rice,wheat,bournvita",17460.0
"rice,wheat,ketchup",43511.0
"rice,wheat,maggi",43511.0
"rice,wheat,mariegold",17367.0
"rice,wheat,magnum",17367.0
"rice,wheat,towel",17460.0
"rice,wheat,tissue",30532.0
"rice,wheat,pepsi",30532.0
"rice,wheat,maaza",30532.0
"rice,wheat,icecream",30439.0
"rice,wheat,paneer",17367.0
"rice,wheat,milkmaid",17460.0
"rice,wheat,deo",30439.0
"rice,wheat,papad",30439.0
"rice,wheat,nuggets",30532.0
"rice,wheat,sugar",13072.0
"rice,pickle,jam",13164.0
"rice,pickle,colgate",13164.0
"rice,pickle,brush",13164.0
"rice,pickle,ketchup",21940.0
"rice,pickle,maggi",21940.0
"rice,pickle,tissue",17552.0
"rice,pickle,pepsi",17552.0
"rice,pickle,maaza",17552.0
"rice,pickle,icecream",17552.0
"rice,pickle,deo",17552.0
"rice,pickle,papad",17552.0
"rice,pickle,nuggets",17552.0
"rice,jam,ketchup",13164.0
"rice,jam,maggi",13164.0
"rice,colgate,brush",13164.0
"rice,colgate,ketchup",13164.0
"rice,colgate,maggi",13164.0
"rice,colgate,tissue",13164.0
"rice,colgate,pepsi",13164.0
"rice,colgate,maaza",13164.0
"rice,colgate,nuggets",13164.0
"rice,brush,ketchup",13164.0
"rice,brush,maggi",13164.0
"rice,brush,tissue",13164.0
"rice,brush,pepsi",13164.0
"rice,brush,maaza",13164.0
"rice,brush,nuggets",13164.0
"rice,parle_g,choco_pie",17368.0
"rice,parle_g,bournvita",13072.0
"rice,parle_g,ketchup",17368.0
"rice,parle_g,maggi",17368.0
"rice,parle_g,towel",13072.0
"rice,parle_g,tissue",17368.0
"rice,parle_g,pepsi",17368.0
"rice,parle_g,maaza",17368.0
"rice,parle_g,milkmaid",13072.0
"rice,parle_g,nuggets",17368.0
"rice,choco_pie,bournvita",13072.0
"rice,choco_pie,ketchup",17368.0
"rice,choco_pie,maggi",17368.0
"rice,choco_pie,towel",13072.0
"rice,choco_pie,tissue",17368.0
"rice,choco_pie,pepsi",17368.0
"rice,choco_pie,maaza",17368.0
"rice,choco_pie,milkmaid",13072.0
"rice,choco_pie,nuggets",17368.0
"rice,pants,slim_shirt",13071.0
"rice,pants,ketchup",13071.0
"rice,pants,maggi",13071.0
"rice,pants,icecream",13071.0
"rice,pants,deo",13071.0
"rice,pants,papad",13071.0
"rice,slim_shirt,ketchup",13071.0
"rice,slim_shirt,maggi",13071.0
"rice,slim_shirt,icecream",13071.0
"rice,slim_shirt,deo",13071.0
"rice,slim_shirt,papad",13071.0
"rice,tiffin,bottle",13072.0
"rice,tiffin,ketchup",13072.0
"rice,tiffin,maggi",13072.0
"rice,tiffin,icecream",13072.0
"rice,tiffin,deo",13072.0
"rice,tiffin,papad",13072.0
"rice,bottle,ketchup",13072.0
"rice,bottle,maggi",13072.0
"rice,bottle,icecream",13072.0
"rice,bottle,deo",13072.0
"rice,bottle,papad",13072.0
"rice,bournvita,ketchup",17460.0
"rice,bournvita,maggi",17460.0
"rice,bournvita,towel",17460.0
"rice,bournvita,tissue",17460.0
"rice,bournvita,pepsi",17460.0
"rice,bournvita,maaza",17460.0
"rice,bournvita,milkmaid",17460.0
"rice,bournvita,nuggets",17460.0
"rice,bournvita,sugar",13072.0
"rice,ketchup,maggi",43511.0
"rice,ketchup,mariegold",17367.0
"rice,ketchup,magnum",17367.0
"rice,ketchup,towel",17460.0
"rice,ketchup,tissue",30532.0
"rice,ketchup,pepsi",30532.0
"rice,ketchup,maaza",30532.0
"rice,ketchup,icecream",30439.0
"rice,ketchup,paneer",17367.0
"rice,ketchup,milkmaid",17460.0
"rice,ketchup,deo",30439.0
"rice,ketchup,papad",30439.0
"rice,ketchup,nuggets",30532.0
"rice,ketchup,sugar",13072.0
"rice,maggi,mariegold",17367.0
"rice,maggi,magnum",17367.0
"rice,maggi,towel",17460.0
"rice,maggi,tissue",30532.0
"rice,maggi,pepsi",30532.0
"rice,maggi,maaza",30532.0
"rice,maggi,icecream",30439.0
"rice,maggi,paneer",17367.0
"rice,maggi,milkmaid",17460.0
"rice,maggi,deo",30439.0
"rice,maggi,papad",30439.0
"rice,maggi,nuggets",30532.0
"rice,maggi,sugar",13072.0
"rice,mariegold,magnum",17367.0
"rice,mariegold,icecream",17367.0
"rice,mariegold,paneer",17367.0
"rice,mariegold,deo",17367.0
"rice,mariegold,papad",17367.0
"rice,magnum,icecream",17367.0
"rice,magnum,paneer",17367.0
"rice,magnum,deo",17367.0
"rice,magnum,papad",17367.0
"rice,towel,tissue",17460.0
"rice,towel,pepsi",17460.0
"rice,towel,maaza",17460.0
"rice,towel,milkmaid",17460.0
"rice,towel,nuggets",17460.0
"rice,towel,sugar",13072.0
"rice,tissue,pepsi",30532.0
"rice,tissue,maaza",30532.0
"rice,tissue,icecream",17460.0
"rice,tissue,milkmaid",17460.0
"rice,tissue,deo",17460.0
"rice,tissue,papad",17460.0
"rice,tissue,nuggets",30532.0
"rice,tissue,sugar",13072.0
"rice,pepsi,maaza",30532.0
"rice,pepsi,icecream",17460.0
"rice,pepsi,milkmaid",17460.0
"rice,pepsi,deo",17460.0
"rice,pepsi,papad",17460.0
"rice,pepsi,nuggets",30532.0
"rice,pepsi,sugar",13072.0
"rice,maaza,icecream",17460.0
"rice,maaza,milkmaid",17460.0
"rice,maaza,deo",17460.0
"rice,maaza,papad",17460.0
"rice,maaza,nuggets",30532.0
"rice,maaza,sugar",13072.0
"rice,icecream,paneer",17367.0
"rice,icecream,deo",30439.0
"rice,icecream,papad",30439.0
"rice,icecream,nuggets",17460.0
"rice,paneer,deo",17367.0
"rice,paneer,papad",17367.0
"rice,milkmaid,nuggets",17460.0
"rice,milkmaid,sugar",13072.0
"rice,deo,papad",30439.0
"rice,deo,nuggets",17460.0
"rice,papad,nuggets",17460.0
"rice,nuggets,sugar",13072.0
"wheat,pickle,jam",17459.0
"wheat,pickle,colgate",13164.0
"wheat,pickle,brush",13164.0
"wheat,pickle,bournvita",17366.0
"wheat,pickle,ketchup",30530.0
"wheat,pickle,maggi",30530.0
"wheat,pickle,towel",17366.0
"wheat,pickle,tissue",26142.0
"wheat,pickle,pepsi",26142.0
"wheat,pickle,maaza",26142.0
"wheat,pickle,icecream",17552.0
"wheat,pickle,milkmaid",17366.0
"wheat,pickle,deo",17552.0
"wheat,pickle,papad",17552.0
"wheat,pickle,nuggets",26142.0
"wheat,pickle,sugar",12978.0
"wheat,jam,bournvita",13071.0
"wheat,jam,ketchup",17459.0
"wheat,jam,maggi",17459.0
"wheat,jam,towel",13071.0
"wheat,jam,tissue",13071.0
"wheat,jam,pepsi",13071.0
"wheat,jam,maaza",13071.0
"wheat,jam,milkmaid",13071.0
"wheat,jam,nuggets",13071.0
"wheat,colgate,brush",13164.0
"wheat,colgate,ketchup",13164.0
"wheat,colgate,maggi",13164.0
"wheat,colgate,tissue",13164.0
"wheat,colgate,pepsi",13164.0
"wheat,colgate,maaza",13164.0
"wheat,colgate,nuggets",13164.0
"wheat,brush,ketchup",13164.0
"wheat,brush,maggi",13164.0
"wheat,brush,tissue",13164.0
"wheat,brush,pepsi",13164.0
"wheat,brush,maaza",13164.0
"wheat,brush,nuggets",13164.0
"wheat,parle_g,choco_pie",21663.0
"wheat,parle_g,bournvita",17367.0
"wheat,parle_g,ketchup",21663.0
"wheat,parle_g,maggi",21663.0
"wheat,parle_g,towel",17367.0
"wheat,parle_g,tissue",21663.0
"wheat,parle_g,pepsi",21663.0
"wheat,parle_g,maaza",21663.0
"wheat,parle_g,milkmaid",17367.0
"wheat,parle_g,nuggets",21663.0
"wheat,parle_g,sugar",12979.0
"wheat,choco_pie,bournvita",17367.0
"wheat,choco_pie,ketchup",21663.0
"wheat,choco_pie,maggi",21663.0
"wheat,choco_pie,towel",17367.0
"wheat,choco_pie,tissue",21663.0
"wheat,choco_pie,pepsi",21663.0
"wheat,choco_pie,maaza",21663.0
"wheat,choco_pie,milkmaid",17367.0
"wheat,choco_pie,nuggets",21663.0
"wheat,choco_pie,sugar",12979.0
"wheat,pants,slim_shirt",13071.0
"wheat,pants,ketchup",13071.0
"wheat,pants,maggi",13071.0
"wheat,pants,icecream",13071.0
"wheat,pants,deo",13071.0
"wheat,pants,papad",13071.0
"wheat,slim_shirt,ketchup",13071.0
"wheat,slim_shirt,maggi",13071.0
"wheat,slim_shirt,icecream",13071.0
"wheat,slim_shirt,deo",13071.0
"wheat,slim_shirt,papad",13071.0
"wheat,tiffin,bottle",13072.0
"wheat,tiffin,ketchup",13072.0
"wheat,tiffin,maggi",13072.0
"wheat,tiffin,icecream",13072.0
"wheat,tiffin,deo",13072.0
"wheat,tiffin,papad",13072.0
"wheat,bottle,ketchup",13072.0
"wheat,bottle,maggi",13072.0
"wheat,bottle,icecream",13072.0
"wheat,bottle,deo",13072.0
"wheat,bottle,papad",13072.0
"wheat,KK_oil,ketchup",12978.0
"wheat,KK_oil,maggi",12978.0
"wheat,bournvita,ketchup",26050.0
"wheat,bournvita,maggi",26050.0
"wheat,bournvita,towel",26050.0
"wheat,bournvita,tissue",26050.0
"wheat,bournvita,pepsi",26050.0
"wheat,bournvita,maaza",26050.0
"wheat,bournvita,milkmaid",26050.0
"wheat,bournvita,nuggets",26050.0
"wheat,bournvita,sugar",21662.0
"wheat,ketchup,maggi",52101.0
"wheat,ketchup,mariegold",17367.0
"wheat,ketchup,magnum",17367.0
"wheat,ketchup,towel",26050.0
"wheat,ketchup,tissue",39122.0
"wheat,ketchup,pepsi",39122.0
"wheat,ketchup,maaza",39122.0
"wheat,ketchup,icecream",30439.0
"wheat,ketchup,paneer",17367.0
"wheat,ketchup,milkmaid",26050.0
"wheat,ketchup,deo",30439.0
"wheat,ketchup,papad",30439.0
"wheat,ketchup,nuggets",39122.0
"wheat,ketchup,sugar",21662.0
"wheat,maggi,mariegold",17367.0
"wheat,maggi,magnum",17367.0
"wheat,maggi,towel",26050.0
"wheat,maggi,tissue",39122.0
"wheat,maggi,pepsi",39122.0
"wheat,maggi,maaza",39122.0
"wheat,maggi,icecream",30439.0
"wheat,maggi,paneer",17367.0
"wheat,maggi,milkmaid",26050.0
"wheat,maggi,deo",30439.0
"wheat,maggi,papad",30439.0
"wheat,maggi,nuggets",39122.0
"wheat,maggi,sugar",21662.0
"wheat,mariegold,magnum",17367.0
"wheat,mariegold,icecream",17367.0
"wheat,mariegold,paneer",17367.0
"wheat,mariegold,deo",17367.0
"wheat,mariegold,papad",17367.0
"wheat,magnum,icecream",17367.0
"wheat,magnum,paneer",17367.0
"wheat,magnum,deo",17367.0
"wheat,magnum,papad",17367.0
"wheat,towel,tissue",26050.0
"wheat,towel,pepsi",26050.0
"wheat,towel,maaza",26050.0
"wheat,towel,milkmaid",26050.0
"wheat,towel,nuggets",26050.0
"wheat,towel,sugar",21662.0
"wheat,tissue,pepsi",39122.0
"wheat,tissue,maaza",39122.0
"wheat,tissue,icecream",17460.0
"wheat,tissue,milkmaid",26050.0
"wheat,tissue,deo",17460.0
"wheat,tissue,papad",17460.0
"wheat,tissue,nuggets",39122.0
"wheat,tissue,sugar",21662.0
"wheat,pepsi,maaza",39122.0
"wheat,pepsi,icecream",17460.0
"wheat,pepsi,milkmaid",26050.0
"wheat,pepsi,deo",17460.0
"wheat,pepsi,papad",17460.0
"wheat,pepsi,nuggets",39122.0
"wheat,pepsi,sugar",21662.0
"wheat,maaza,icecream",17460.0
"wheat,maaza,milkmaid",26050.0
"wheat,maaza,deo",17460.0
"wheat,maaza,papad",17460.0
"wheat,maaza,nuggets",39122.0
"wheat,maaza,sugar",21662.0
"wheat,icecream,paneer",17367.0
"wheat,icecream,deo",30439.0
"wheat,icecream,papad",30439.0
"wheat,icecream,nuggets",17460.0
"wheat,paneer,deo",17367.0
"wheat,paneer,papad",17367.0
"wheat,milkmaid,nuggets",26050.0
"wheat,milkmaid,sugar",21662.0
"wheat,deo,papad",30439.0
"wheat,deo,nuggets",17460.0
"wheat,papad,nuggets",17460.0
"wheat,nuggets,sugar",21662.0
"pickle,jam,parle_g",13071.0
"pickle,jam,choco_pie",13071.0
"pickle,jam,bournvita",17459.0
"pickle,jam,ketchup",21847.0
"pickle,jam,maggi",21847.0
"pickle,jam,mariegold",13164.0
"pickle,jam,magnum",13164.0
"pickle,jam,towel",13071.0
"pickle,jam,tissue",13071.0
"pickle,jam,pepsi",17459.0
"pickle,jam,maaza",17459.0
"pickle,jam,icecream",13164.0
"pickle,jam,paneer",13164.0
"pickle,jam,milkmaid",17459.0
"pickle,jam,papad",13164.0
"pickle,jam,nuggets",17459.0
"pickle,colgate,brush",13164.0
"pickle,colgate,ketchup",13164.0
"pickle,colgate,maggi",13164.0
"pickle,colgate,tissue",13164.0
"pickle,colgate,pepsi",13164.0
"pickle,colgate,maaza",13164.0
"pickle,colgate,nuggets",13164.0
"pickle,brush,ketchup",13164.0
"pickle,brush,maggi",13164.0
"pickle,brush,tissue",13164.0
"pickle,brush,pepsi",13164.0
"pickle,brush,maaza",13164.0
"pickle,brush,nuggets",13164.0
"pickle,parle_g,choco_pie",13071.0
"pickle,parle_g,bournvita",13071.0
"pickle,parle_g,ketchup",13071.0
"pickle,parle_g,maggi",13071.0
"pickle,parle_g,pepsi",13071.0
"pickle,parle_g,maaza",13071.0
"pickle,parle_g,milkmaid",13071.0
"pickle,parle_g,nuggets",13071.0
"pickle,choco_pie,bournvita",13071.0
"pickle,choco_pie,ketchup",13071.0
"pickle,choco_pie,maggi",13071.0
"pickle,choco_pie,pepsi",13071.0
"pickle,choco_pie,maaza",13071.0
"pickle,choco_pie,milkmaid",13071.0
"pickle,choco_pie,nuggets",13071.0
"pickle,ghee,KK_oil",13071.0
"pickle,ghee,bournvita",13071.0
"pickle,ghee,ketchup",13071.0
"pickle,ghee,maggi",13071.0
"pickle,ghee,pepsi",13071.0
"pickle,ghee,maaza",13071.0
"pickle,ghee,milkmaid",13071.0
"pickle,ghee,nuggets",13071.0
"pickle,KK_oil,bournvita",13071.0
"pickle,KK_oil,ketchup",13071.0
"pickle,KK_oil,maggi",13071.0
"pickle,KK_oil,pepsi",13071.0
"pickle,KK_oil,maaza",13071.0
"pickle,KK_oil,milkmaid",13071.0
"pickle,KK_oil,nuggets",13071.0
"pickle,bournvita,ketchup",21754.0
"pickle,bournvita,maggi",21754.0
"pickle,bournvita,towel",17366.0
"pickle,bournvita,tissue",17366.0
"pickle,bournvita,pepsi",21754.0
"pickle,bournvita,maaza",21754.0
"pickle,bournvita,milkmaid",21754.0
"pickle,bournvita,nuggets",21754.0
"pickle,bournvita,sugar",12978.0
"pickle,ketchup,maggi",34918.0
"pickle,ketchup,mariegold",13164.0
"pickle,ketchup,magnum",13164.0
"pickle,ketchup,towel",17366.0
"pickle,ketchup,tissue",26142.0
"pickle,ketchup,pepsi",30530.0
"pickle,ketchup,maaza",30530.0
"pickle,ketchup,icecream",21940.0
"pickle,ketchup,paneer",13164.0
"pickle,ketchup,milkmaid",21754.0
"pickle,ketchup,deo",17552.0
"pickle,ketchup,papad",21940.0
"pickle,ketchup,nuggets",30530.0
"pickle,ketchup,sugar",12978.0
"pickle,maggi,mariegold",13164.0
"pickle,maggi,magnum",13164.0
"pickle,maggi,towel",17366.0
"pickle,maggi,tissue",26142.0
"pickle,maggi,pepsi",30530.0
"pickle,maggi,maaza",30530.0
"pickle,maggi,icecream",21940.0
"pickle,maggi,paneer",13164.0
"pickle,maggi,milkmaid",21754.0
"pickle,maggi,deo",17552.0
"pickle,maggi,papad",21940.0
"pickle,maggi,nuggets",30530.0
"pickle,maggi,sugar",12978.0
"pickle,mariegold,magnum",13164.0
"pickle,mariegold,icecream",13164.0
"pickle,mariegold,paneer",13164.0
"pickle,mariegold,papad",13164.0
"pickle,magnum,icecream",13164.0
"pickle,magnum,paneer",13164.0
"pickle,magnum,papad",13164.0
"pickle,towel,tissue",17366.0
"pickle,towel,pepsi",17366.0
"pickle,towel,maaza",17366.0
"pickle,towel,milkmaid",17366.0
"pickle,towel,nuggets",17366.0
"pickle,towel,sugar",12978.0
"pickle,tissue,pepsi",26142.0
"pickle,tissue,maaza",26142.0
"pickle,tissue,icecream",13164.0
"pickle,tissue,milkmaid",17366.0
"pickle,tissue,deo",13164.0
"pickle,tissue,papad",13164.0
"pickle,tissue,nuggets",26142.0
"pickle,tissue,sugar",12978.0
"pickle,pepsi,maaza",30530.0
"pickle,pepsi,icecream",17552.0
"pickle,pepsi,milkmaid",21754.0
"pickle,pepsi,deo",13164.0
"pickle,pepsi,papad",17552.0
"pickle,pepsi,nuggets",30530.0
"pickle,pepsi,sugar",12978.0
"pickle,maaza,icecream",17552.0
"pickle,maaza,milkmaid",21754.0
"pickle,maaza,deo",13164.0
"pickle,maaza,papad",17552.0
"pickle,maaza,nuggets",30530.0
"pickle,maaza,sugar",12978.0
"pickle,icecream,paneer",13164.0
"pickle,icecream,deo",17552.0
"pickle,icecream,papad",21940.0
"pickle,icecream,nuggets",17552.0
"pickle,paneer,papad",13164.0
"pickle,milkmaid,nuggets",21754.0
"pickle,milkmaid,sugar",12978.0
"pickle,deo,papad",17552.0
"pickle,deo,nuggets",13164.0
"pickle,papad,nuggets",17552.0
"pickle,nuggets,sugar",12978.0
"jam,parle_g,choco_pie",13071.0
"jam,parle_g,bournvita",13071.0
"jam,parle_g,ketchup",13071.0
"jam,parle_g,maggi",13071.0
"jam,parle_g,pepsi",13071.0
"jam,parle_g,maaza",13071.0
"jam,parle_g,milkmaid",13071.0
"jam,parle_g,nuggets",13071.0
"jam,choco_pie,bournvita",13071.0
"jam,choco_pie,ketchup",13071.0
"jam,choco_pie,maggi",13071.0
"jam,choco_pie,pepsi",13071.0
"jam,choco_pie,maaza",13071.0
"jam,choco_pie,milkmaid",13071.0
"jam,choco_pie,nuggets",13071.0
"jam,bournvita,ketchup",17459.0
"jam,bournvita,maggi",17459.0
"jam,bournvita,towel",13071.0
"jam,bournvita,tissue",13071.0
"jam,bournvita,pepsi",17459.0
"jam,bournvita,maaza",17459.0
"jam,bournvita,milkmaid",17459.0
"jam,bournvita,nuggets",17459.0
"jam,ketchup,maggi",21847.0
"jam,ketchup,mariegold",13164.0
"jam,ketchup,magnum",13164.0
"jam,ketchup,towel",13071.0
"jam,ketchup,tissue",13071.0
"jam,ketchup,pepsi",17459.0
"jam,ketchup,maaza",17459.0
"jam,ketchup,icecream",13164.0
"jam,ketchup,paneer",13164.0
"jam,ketchup,milkmaid",17459.0
"jam,ketchup,papad",13164.0
"jam,ketchup,nuggets",17459.0
"jam,maggi,mariegold",13164.0
"jam,maggi,magnum",13164.0
"jam,maggi,towel",13071.0
"jam,maggi,tissue",13071.0
"jam,maggi,pepsi",17459.0
"jam,maggi,maaza",17459.0
"jam,maggi,icecream",13164.0
"jam,maggi,paneer",13164.0
"jam,maggi,milkmaid",17459.0
"jam,maggi,papad",13164.0
"jam,maggi,nuggets",17459.0
"jam,mariegold,magnum",13164.0
"jam,mariegold,icecream",13164.0
"jam,mariegold,paneer",13164.0
"jam,mariegold,papad",13164.0
"jam,magnum,icecream",13164.0
"jam,magnum,paneer",13164.0
"jam,magnum,papad",13164.0
"jam,towel,tissue",13071.0
"jam,towel,pepsi",13071.0
"jam,towel,maaza",13071.0
"jam,towel,milkmaid",13071.0
"jam,towel,nuggets",13071.0
"jam,tissue,pepsi",13071.0
"jam,tissue,maaza",13071.0
"jam,tissue,milkmaid",13071.0
"jam,tissue,nuggets",13071.0
"jam,pepsi,maaza",17459.0
"jam,pepsi,milkmaid",17459.0
"jam,pepsi,nuggets",17459.0
"jam,maaza,milkmaid",17459.0
"jam,maaza,nuggets",17459.0
"jam,icecream,paneer",13164.0
"jam,icecream,papad",13164.0
"jam,paneer,papad",13164.0
"jam,milkmaid,nuggets",17459.0
"colgate,brush,surf_excel",17459.0
"colgate,brush,freshner",17552.0
"colgate,brush,curtains",13164.0
"colgate,brush,bedsheets",13164.0
"colgate,brush,tiffin",13164.0
"colgate,brush,bottle",13164.0
"colgate,brush,det_soap",13164.0
"colgate,brush,clg_plax",30531.0
"colgate,brush,pears",17459.0
"colgate,brush,hairoil",13164.0
"colgate,brush,shampoo",13164.0
"colgate,brush,bournvita",13164.0
"colgate,brush,ketchup",26143.0
"colgate,brush,maggi",26143.0
"colgate,brush,towel",21940.0
"colgate,brush,tissue",30623.0
"colgate,brush,pepsi",21847.0
"colgate,brush,maaza",21847.0
"colgate,brush,icecream",17367.0
"colgate,brush,milkmaid",13164.0
"colgate,brush,deo",21755.0
"colgate,brush,papad",17367.0
"colgate,brush,nuggets",21847.0
"colgate,brush,sugar",17552.0
"colgate,surf_excel,freshner",13164.0
"colgate,surf_excel,curtains",13164.0
"colgate,surf_excel,bedsheets",13164.0
"colgate,surf_excel,tiffin",13164.0
"colgate,surf_excel,bottle",13164.0
"colgate,surf_excel,det_soap",13164.0
"colgate,surf_excel,clg_plax",17459.0
"colgate,surf_excel,pears",17459.0
"colgate,surf_excel,hairoil",13164.0
"colgate,surf_excel,shampoo",13164.0
"colgate,surf_excel,towel",13164.0
"colgate,surf_excel,tissue",17459.0
"colgate,surf_excel,deo",13071.0
"colgate,freshner,curtains",13164.0
"colgate,freshner,bedsheets",13164.0
"colgate,freshner,tiffin",13164.0
"colgate,freshner,bottle",13164.0
"colgate,freshner,det_soap",13164.0
"colgate,freshner,clg_plax",13164.0
"colgate,freshner,pears",13164.0
"colgate,freshner,hairoil",13164.0
"colgate,freshner,shampoo",13164.0
"colgate,freshner,towel",17552.0
"colgate,freshner,tissue",17552.0
"colgate,freshner,sugar",13164.0
"colgate,curtains,bedsheets",13164.0
"colgate,curtains,tiffin",13164.0
"colgate,curtains,bottle",13164.0
"colgate,curtains,det_soap",13164.0
"colgate,curtains,clg_plax",13164.0
"colgate,curtains,pears",13164.0
"colgate,curtains,hairoil",13164.0
"colgate,curtains,shampoo",13164.0
"colgate,curtains,towel",13164.0
"colgate,curtains,tissue",13164.0
"colgate,bedsheets,tiffin",13164.0
"colgate,bedsheets,bottle",13164.0
"colgate,bedsheets,det_soap",13164.0
"colgate,bedsheets,clg_plax",13164.0
"colgate,bedsheets,pears",13164.0
"colgate,bedsheets,hairoil",13164.0
"colgate,bedsheets,shampoo",13164.0
"colgate,bedsheets,towel",13164.0
"colgate,bedsheets,tissue",13164.0
"colgate,tiffin,bottle",13164.0
"colgate,tiffin,det_soap",13164.0
"colgate,tiffin,clg_plax",13164.0
"colgate,tiffin,pears",13164.0
"colgate,tiffin,hairoil",13164.0
"colgate,tiffin,shampoo",13164.0
"colgate,tiffin,towel",13164.0
"colgate,tiffin,tissue",13164.0
"colgate,bottle,det_soap",13164.0
"colgate,bottle,clg_plax",13164.0
"colgate,bottle,pears",13164.0
"colgate,bottle,hairoil",13164.0
"colgate,bottle,shampoo",13164.0
"colgate,bottle,towel",13164.0
"colgate,bottle,tissue",13164.0
"colgate,det_soap,clg_plax",13164.0
"colgate,det_soap,pears",13164.0
"colgate,det_soap,hairoil",13164.0
"colgate,det_soap,shampoo",13164.0
"colgate,det_soap,towel",13164.0
"colgate,det_soap,tissue",13164.0
"colgate,clg_plax,pears",17459.0
"colgate,clg_plax,hairoil",13164.0
"colgate,clg_plax,shampoo",13164.0
"colgate,clg_plax,ketchup",21755.0
"colgate,clg_plax,maggi",21755.0
"colgate,clg_plax,towel",17552.0
"colgate,clg_plax,tissue",26235.0
"colgate,clg_plax,pepsi",17459.0
"colgate,clg_plax,maaza",17459.0
"colgate,clg_plax,icecream",17367.0
"colgate,clg_plax,deo",21755.0
"colgate,clg_plax,papad",17367.0
"colgate,clg_plax,nuggets",17459.0
"colgate,clg_plax,sugar",13164.0
"colgate,pears,hairoil",13164.0
"colgate,pears,shampoo",13164.0
"colgate,pears,towel",13164.0
"colgate,pears,tissue",17459.0
"colgate,pears,deo",13071.0
"colgate,hairoil,shampoo",13164.0
"colgate,hairoil,towel",13164.0
"colgate,hairoil,tissue",13164.0
"colgate,shampoo,towel",13164.0
"colgate,shampoo,tissue",13164.0
"colgate,bournvita,ketchup",13164.0
"colgate,bournvita,maggi",13164.0
"colgate,bournvita,towel",13164.0
"colgate,bournvita,tissue",13164.0
"colgate,bournvita,pepsi",13164.0
"colgate,bournvita,maaza",13164.0
"colgate,bournvita,milkmaid",13164.0
"colgate,bournvita,nuggets",13164.0
"colgate,ketchup,maggi",26143.0
"colgate,ketchup,towel",13164.0
"colgate,ketchup,tissue",21847.0
"colgate,ketchup,pepsi",21847.0
"colgate,ketchup,maaza",21847.0
"colgate,ketchup,icecream",17367.0
"colgate,ketchup,milkmaid",13164.0
"colgate,ketchup,deo",17367.0
"colgate,ketchup,papad",17367.0
"colgate,ketchup,nuggets",21847.0
"colgate,maggi,towel",13164.0
"colgate,maggi,tissue",21847.0
"colgate,maggi,pepsi",21847.0
"colgate,maggi,maaza",21847.0
"colgate,maggi,icecream",17367.0
"colgate,maggi,milkmaid",13164.0
"colgate,maggi,deo",17367.0
"colgate,maggi,papad",17367.0
"colgate,maggi,nuggets",21847.0
"colgate,towel,tissue",21940.0
"colgate,towel,pepsi",13164.0
"colgate,towel,maaza",13164.0
"colgate,towel,milkmaid",13164.0
"colgate,towel,nuggets",13164.0
"colgate,towel,sugar",17552.0
"colgate,tissue,pepsi",21847.0
"colgate,tissue,maaza",21847.0
"colgate,tissue,icecream",13071.0
"colgate,tissue,milkmaid",13164.0
"colgate,tissue,deo",17459.0
"colgate,tissue,papad",13071.0
"colgate,tissue,nuggets",21847.0
"colgate,tissue,sugar",17552.0
"colgate,pepsi,maaza",21847.0
"colgate,pepsi,icecream",13071.0
"colgate,pepsi,milkmaid",13164.0
"colgate,pepsi,deo",13071.0
"colgate,pepsi,papad",13071.0
"colgate,pepsi,nuggets",21847.0
"colgate,maaza,icecream",13071.0
"colgate,maaza,milkmaid",13164.0
"colgate,maaza,deo",13071.0
"colgate,maaza,papad",13071.0
"colgate,maaza,nuggets",21847.0
"colgate,icecream,deo",17367.0
"colgate,icecream,papad",17367.0
"colgate,icecream,nuggets",13071.0
"colgate,milkmaid,nuggets",13164.0
"colgate,deo,papad",17367.0
"colgate,deo,nuggets",13071.0
"colgate,papad,nuggets",13071.0
"brush,surf_excel,freshner",13164.0
"brush,surf_excel,curtains",13164.0
"brush,surf_excel,bedsheets",13164.0
"brush,surf_excel,tiffin",13164.0
"brush,surf_excel,bottle",13164.0
"brush,surf_excel,det_soap",13164.0
"brush,surf_excel,clg_plax",17459.0
"brush,surf_excel,pears",17459.0
"brush,surf_excel,hairoil",13164.0
"brush,surf_excel,shampoo",13164.0
"brush,surf_excel,towel",13164.0
"brush,surf_excel,tissue",17459.0
"brush,surf_excel,deo",13071.0
"brush,freshner,curtains",13164.0
"brush,freshner,bedsheets",13164.0
"brush,freshner,tiffin",13164.0
"brush,freshner,bottle",13164.0
"brush,freshner,det_soap",13164.0
"brush,freshner,clg_plax",13164.0
"brush,freshner,pears",13164.0
"brush,freshner,hairoil",13164.0
"brush,freshner,shampoo",13164.0
"brush,freshner,towel",17552.0
"brush,freshner,tissue",17552.0
"brush,freshner,sugar",13164.0
"brush,curtains,bedsheets",13164.0
"brush,curtains,tiffin",13164.0
"brush,curtains,bottle",13164.0
"brush,curtains,det_soap",13164.0
"brush,curtains,clg_plax",13164.0
"brush,curtains,pears",13164.0
"brush,curtains,hairoil",13164.0
"brush,curtains,shampoo",13164.0
"brush,curtains,towel",13164.0
"brush,curtains,tissue",13164.0
"brush,bedsheets,tiffin",13164.0
"brush,bedsheets,bottle",13164.0
"brush,bedsheets,det_soap",13164.0
"brush,bedsheets,clg_plax",13164.0
"brush,bedsheets,pears",13164.0
"brush,bedsheets,hairoil",13164.0
"brush,bedsheets,shampoo",13164.0
"brush,bedsheets,towel",13164.0
"brush,bedsheets,tissue",13164.0
"brush,tiffin,bottle",13164.0
"brush,tiffin,det_soap",13164.0
"brush,tiffin,clg_plax",13164.0
"brush,tiffin,pears",13164.0
"brush,tiffin,hairoil",13164.0
"brush,tiffin,shampoo",13164.0
"brush,tiffin,towel",13164.0
"brush,tiffin,tissue",13164.0
"brush,bottle,det_soap",13164.0
"brush,bottle,clg_plax",13164.0
"brush,bottle,pears",13164.0
"brush,bottle,hairoil",13164.0
"brush,bottle,shampoo",13164.0
"brush,bottle,towel",13164.0
"brush,bottle,tissue",13164.0
"brush,det_soap,clg_plax",13164.0
"brush,det_soap,pears",13164.0
"brush,det_soap,hairoil",13164.0
"brush,det_soap,shampoo",13164.0
"brush,det_soap,towel",13164.0
"brush,det_soap,tissue",13164.0
"brush,clg_plax,pears",17459.0
"brush,clg_plax,hairoil",13164.0
"brush,clg_plax,shampoo",13164.0
"brush,clg_plax,ketchup",21755.0
"brush,clg_plax,maggi",21755.0
"brush,clg_plax,towel",17552.0
"brush,clg_plax,tissue",26235.0
"brush,clg_plax,pepsi",17459.0
"brush,clg_plax,maaza",17459.0
"brush,clg_plax,icecream",17367.0
"brush,clg_plax,deo",21755.0
"brush,clg_plax,papad",17367.0
"brush,clg_plax,nuggets",17459.0
"brush,clg_plax,sugar",13164.0
"brush,pears,hairoil",13164.0
"brush,pears,shampoo",13164.0
"brush,pears,towel",13164.0
"brush,pears,tissue",17459.0
"brush,pears,deo",13071.0
"brush,hairoil,shampoo",13164.0
"brush,hairoil,towel",13164.0
"brush,hairoil,tissue",13164.0
"brush,shampoo,towel",13164.0
"brush,shampoo,tissue",13164.0
"brush,bournvita,ketchup",13164.0
"brush,bournvita,maggi",13164.0
"brush,bournvita,towel",13164.0
"brush,bournvita,tissue",13164.0
"brush,bournvita,pepsi",13164.0
"brush,bournvita,maaza",13164.0
"brush,bournvita,milkmaid",13164.0
"brush,bournvita,nuggets",13164.0
"brush,ketchup,maggi",26143.0
"brush,ketchup,towel",13164.0
"brush,ketchup,tissue",21847.0
"brush,ketchup,pepsi",21847.0
"brush,ketchup,maaza",21847.0
"brush,ketchup,icecream",17367.0
"brush,ketchup,milkmaid",13164.0
"brush,ketchup,deo",17367.0
"brush,ketchup,papad",17367.0
"brush,ketchup,nuggets",21847.0
"brush,maggi,towel",13164.0
"brush,maggi,tissue",21847.0
"brush,maggi,pepsi",21847.0
"brush,maggi,maaza",21847.0
"brush,maggi,icecream",17367.0
"brush,maggi,milkmaid",13164.0
"brush,maggi,deo",17367.0
"brush,maggi,papad",17367.0
"brush,maggi,nuggets",21847.0
"brush,towel,tissue",21940.0
"brush,towel,pepsi",13164.0
"brush,towel,maaza",13164.0
"brush,towel,milkmaid",13164.0
"brush,towel,nuggets",13164.0
"brush,towel,sugar",17552.0
"brush,tissue,pepsi",21847.0
"brush,tissue,maaza",21847.0
"brush,tissue,icecream",13071.0
"brush,tissue,milkmaid",13164.0
"brush,tissue,deo",17459.0
"brush,tissue,papad",13071.0
"brush,tissue,nuggets",21847.0
"brush,tissue,sugar",17552.0
"brush,pepsi,maaza",21847.0
"brush,pepsi,icecream",13071.0
"brush,pepsi,milkmaid",13164.0
"brush,pepsi,deo",13071.0
"brush,pepsi,papad",13071.0
"brush,pepsi,nuggets",21847.0
"brush,maaza,icecream",13071.0
"brush,maaza,milkmaid",13164.0
"brush,maaza,deo",13071.0
"brush,maaza,papad",13071.0
"brush,maaza,nuggets",21847.0
"brush,icecream,deo",17367.0
"brush,icecream,papad",17367.0
"brush,icecream,nuggets",13071.0
"brush,milkmaid,nuggets",13164.0
"brush,deo,papad",17367.0
"brush,deo,nuggets",13071.0
"brush,papad,nuggets",13071.0
"surf_excel,freshner,curtains",13164.0
"surf_excel,freshner,bedsheets",13164.0
"surf_excel,freshner,tiffin",13164.0
"surf_excel,freshner,bottle",13164.0
"surf_excel,freshner,det_soap",13164.0
"surf_excel,freshner,clg_plax",13164.0
"surf_excel,freshner,pears",13164.0
"surf_excel,freshner,hairoil",13164.0
"surf_excel,freshner,shampoo",13164.0
"surf_excel,freshner,towel",13164.0
"surf_excel,freshner,tissue",13164.0
"surf_excel,curtains,bedsheets",13164.0
"surf_excel,curtains,tiffin",13164.0
"surf_excel,curtains,bottle",13164.0
"surf_excel,curtains,det_soap",13164.0
"surf_excel,curtains,clg_plax",13164.0
"surf_excel,curtains,pears",13164.0
"surf_excel,curtains,hairoil",13164.0
"surf_excel,curtains,shampoo",13164.0
"surf_excel,curtains,towel",13164.0
"surf_excel,curtains,tissue",13164.0
"surf_excel,bedsheets,tiffin",13164.0
"surf_excel,bedsheets,bottle",13164.0
"surf_excel,bedsheets,det_soap",13164.0
"surf_excel,bedsheets,clg_plax",13164.0
"surf_excel,bedsheets,pears",13164.0
"surf_excel,bedsheets,hairoil",13164.0
"surf_excel,bedsheets,shampoo",13164.0
"surf_excel,bedsheets,towel",13164.0
"surf_excel,bedsheets,tissue",13164.0
"surf_excel,tiffin,bottle",13164.0
"surf_excel,tiffin,det_soap",13164.0
"surf_excel,tiffin,clg_plax",13164.0
"surf_excel,tiffin,pears",13164.0
"surf_excel,tiffin,hairoil",13164.0
"surf_excel,tiffin,shampoo",13164.0
"surf_excel,tiffin,towel",13164.0
"surf_excel,tiffin,tissue",13164.0
"surf_excel,bottle,det_soap",13164.0
"surf_excel,bottle,clg_plax",13164.0
"surf_excel,bottle,pears",13164.0
"surf_excel,bottle,hairoil",13164.0
"surf_excel,bottle,shampoo",13164.0
"surf_excel,bottle,towel",13164.0
"surf_excel,bottle,tissue",13164.0
"surf_excel,det_soap,clg_plax",13164.0
"surf_excel,det_soap,pears",13164.0
"surf_excel,det_soap,hairoil",13164.0
"surf_excel,det_soap,shampoo",13164.0
"surf_excel,det_soap,towel",13164.0
"surf_excel,det_soap,tissue",13164.0
"surf_excel,clg_plax,pears",17459.0
"surf_excel,clg_plax,hairoil",13164.0
"surf_excel,clg_plax,shampoo",13164.0
"surf_excel,clg_plax,towel",13164.0
"surf_excel,clg_plax,tissue",17459.0
"surf_excel,clg_plax,deo",13071.0
"surf_excel,pears,hairoil",13164.0
"surf_excel,pears,shampoo",13164.0
"surf_excel,pears,towel",13164.0
"surf_excel,pears,tissue",17459.0
"surf_excel,pears,deo",13071.0
"surf_excel,hairoil,shampoo",13164.0
"surf_excel,hairoil,towel",13164.0
"surf_excel,hairoil,tissue",13164.0
"surf_excel,shampoo,towel",13164.0
"surf_excel,shampoo,tissue",13164.0
"surf_excel,ketchup,maggi",17459.0
"surf_excel,ketchup,mariegold",13164.0
"surf_excel,ketchup,magnum",13164.0
"surf_excel,ketchup,icecream",17459.0
"surf_excel,ketchup,paneer",13164.0
"surf_excel,ketchup,deo",17459.0
"surf_excel,ketchup,papad",17459.0
"surf_excel,maggi,mariegold",13164.0
"surf_excel,maggi,magnum",13164.0
"surf_excel,maggi,icecream",17459.0
"surf_excel,maggi,paneer",13164.0
"surf_excel,maggi,deo",17459.0
"surf_excel,maggi,papad",17459.0
"surf_excel,mariegold,magnum",13164.0
"surf_excel,mariegold,icecream",13164.0
"surf_excel,mariegold,paneer",13164.0
"surf_excel,mariegold,deo",13164.0
"surf_excel,mariegold,papad",13164.0
"surf_excel,magnum,icecream",13164.0
"surf_excel,magnum,paneer",13164.0
"surf_excel,magnum,deo",13164.0
"surf_excel,magnum,papad",13164.0
"surf_excel,towel,tissue",13164.0
"surf_excel,tissue,deo",13071.0
"surf_excel,icecream,paneer",13164.0
"surf_excel,icecream,deo",17459.0
"surf_excel,icecream,papad",17459.0
"surf_excel,paneer,deo",13164.0
"surf_excel,paneer,papad",13164.0
"surf_excel,deo,papad",17459.0
"freshner,slim_shirt,bedsheets",13164.0
"freshner,slim_shirt,hairoil",13164.0
"freshner,slim_shirt,shampoo",13164.0
"freshner,slim_shirt,deo",13164.0
"freshner,curtains,bedsheets",13164.0
"freshner,curtains,tiffin",13164.0
"freshner,curtains,bottle",13164.0
"freshner,curtains,det_soap",13164.0
"freshner,curtains,clg_plax",13164.0
"freshner,curtains,pears",13164.0
"freshner,curtains,hairoil",13164.0
"freshner,curtains,shampoo",13164.0
"freshner,curtains,towel",13164.0
"freshner,curtains,tissue",13164.0
"freshner,bedsheets,tiffin",13164.0
"freshner,bedsheets,bottle",13164.0
"freshner,bedsheets,det_soap",13164.0
"freshner,bedsheets,clg_plax",13164.0
"freshner,bedsheets,pears",13164.0
"freshner,bedsheets,hairoil",17552.0
"freshner,bedsheets,shampoo",17552.0
"freshner,bedsheets,towel",13164.0
"freshner,bedsheets,tissue",13164.0
"freshner,bedsheets,deo",13164.0
"freshner,tiffin,bottle",13164.0
"freshner,tiffin,det_soap",13164.0
"freshner,tiffin,clg_plax",13164.0
"freshner,tiffin,pears",13164.0
"freshner,tiffin,hairoil",13164.0
"freshner,tiffin,shampoo",13164.0
"freshner,tiffin,towel",13164.0
"freshner,tiffin,tissue",13164.0
"freshner,bottle,det_soap",13164.0
"freshner,bottle,clg_plax",13164.0
"freshner,bottle,pears",13164.0
"freshner,bottle,hairoil",13164.0
"freshner,bottle,shampoo",13164.0
"freshner,bottle,towel",13164.0
"freshner,bottle,tissue",13164.0
"freshner,det_soap,clg_plax",13164.0
"freshner,det_soap,pears",13164.0
"freshner,det_soap,hairoil",13164.0
"freshner,det_soap,shampoo",13164.0
"freshner,det_soap,towel",13164.0
"freshner,det_soap,tissue",13164.0
"freshner,clg_plax,pears",13164.0
"freshner,clg_plax,hairoil",13164.0
"freshner,clg_plax,shampoo",13164.0
"freshner,clg_plax,towel",13164.0
"freshner,clg_plax,tissue",13164.0
"freshner,pears,hairoil",13164.0
"freshner,pears,shampoo",13164.0
"freshner,pears,towel",13164.0
"freshner,pears,tissue",13164.0
"freshner,hairoil,shampoo",17552.0
"freshner,hairoil,towel",13164.0
"freshner,hairoil,tissue",13164.0
"freshner,hairoil,deo",13164.0
"freshner,shampoo,towel",13164.0
"freshner,shampoo,tissue",13164.0
"freshner,shampoo,deo",13164.0
"freshner,ketchup,maggi",13164.0
"freshner,towel,tissue",17552.0
"freshner,towel,sugar",13164.0
"freshner,tissue,sugar",13164.0
"parle_g,choco_pie,bournvita",21755.0
"parle_g,choco_pie,ketchup",30439.0
"parle_g,choco_pie,maggi",30439.0
"parle_g,choco_pie,mariegold",13164.0
"parle_g,choco_pie,magnum",13164.0
"parle_g,choco_pie,towel",17367.0
"parle_g,choco_pie,tissue",21663.0
"parle_g,choco_pie,pepsi",26051.0
"parle_g,choco_pie,maaza",26051.0
"parle_g,choco_pie,icecream",17460.0
"parle_g,choco_pie,paneer",13164.0
"parle_g,choco_pie,milkmaid",21755.0
"parle_g,choco_pie,deo",13072.0
"parle_g,choco_pie,papad",17460.0
"parle_g,choco_pie,nuggets",26051.0
"parle_g,choco_pie,sugar",12979.0
"parle_g,bournvita,ketchup",21755.0
"parle_g,bournvita,maggi",21755.0
"parle_g,bournvita,towel",17367.0
"parle_g,bournvita,tissue",17367.0
"parle_g,bournvita,pepsi",21755.0
"parle_g,bournvita,maaza",21755.0
"parle_g,bournvita,milkmaid",21755.0
"parle_g,bournvita,nuggets",21755.0
"parle_g,bournvita,sugar",12979.0
"parle_g,ketchup,maggi",30439.0
"parle_g,ketchup,mariegold",13164.0
"parle_g,ketchup,magnum",13164.0
"parle_g,ketchup,towel",17367.0
"parle_g,ketchup,tissue",21663.0
"parle_g,ketchup,pepsi",26051.0
"parle_g,ketchup,maaza",26051.0
"parle_g,ketchup,icecream",17460.0
"parle_g,ketchup,paneer",13164.0
"parle_g,ketchup,milkmaid",21755.0
"parle_g,ketchup,deo",13072.0
"parle_g,ketchup,papad",17460.0
"parle_g,ketchup,nuggets",26051.0
"parle_g,ketchup,sugar",12979.0
"parle_g,maggi,mariegold",13164.0
"parle_g,maggi,magnum",13164.0
"parle_g,maggi,towel",17367.0
"parle_g,maggi,tissue",21663.0
"parle_g,maggi,pepsi",26051.0
"parle_g,maggi,maaza",26051.0
"parle_g,maggi,icecream",17460.0
"parle_g,maggi,paneer",13164.0
"parle_g,maggi,milkmaid",21755.0
"parle_g,maggi,deo",13072.0
"parle_g,maggi,papad",17460.0
"parle_g,maggi,nuggets",26051.0
"parle_g,maggi,sugar",12979.0
"parle_g,mariegold,magnum",13164.0
"parle_g,mariegold,icecream",13164.0
"parle_g,mariegold,paneer",13164.0
"parle_g,mariegold,papad",13164.0
"parle_g,magnum,icecream",13164.0
"parle_g,magnum,paneer",13164.0
"parle_g,magnum,papad",13164.0
"parle_g,towel,tissue",17367.0
"parle_g,towel,pepsi",17367.0
"parle_g,towel,maaza",17367.0
"parle_g,towel,milkmaid",17367.0
"parle_g,towel,nuggets",17367.0
"parle_g,towel,sugar",12979.0
"parle_g,tissue,pepsi",21663.0
"parle_g,tissue,maaza",21663.0
"parle_g,tissue,milkmaid",17367.0
"parle_g,tissue,nuggets",21663.0
"parle_g,tissue,sugar",12979.0
"parle_g,pepsi,maaza",26051.0
"parle_g,pepsi,icecream",13072.0
"parle_g,pepsi,milkmaid",21755.0
"parle_g,pepsi,papad",13072.0
"parle_g,pepsi,nuggets",26051.0
"parle_g,pepsi,sugar",12979.0
"parle_g,maaza,icecream",13072.0
"parle_g,maaza,milkmaid",21755.0
"parle_g,maaza,papad",13072.0
"parle_g,maaza,nuggets",26051.0
"parle_g,maaza,sugar",12979.0
"parle_g,icecream,paneer",13164.0
"parle_g,icecream,deo",13072.0
"parle_g,icecream,papad",17460.0
"parle_g,icecream,nuggets",13072.0
"parle_g,paneer,papad",13164.0
"parle_g,milkmaid,nuggets",21755.0
"parle_g,milkmaid,sugar",12979.0
"parle_g,deo,papad",13072.0
"parle_g,papad,nuggets",13072.0
"parle_g,nuggets,sugar",12979.0
"choco_pie,bournvita,ketchup",21755.0
"choco_pie,bournvita,maggi",21755.0
"choco_pie,bournvita,towel",17367.0
"choco_pie,bournvita,tissue",17367.0
"choco_pie,bournvita,pepsi",21755.0
"choco_pie,bournvita,maaza",21755.0
"choco_pie,bournvita,milkmaid",21755.0
"choco_pie,bournvita,nuggets",21755.0
"choco_pie,bournvita,sugar",12979.0
"choco_pie,ketchup,maggi",30439.0
"choco_pie,ketchup,mariegold",13164.0
"choco_pie,ketchup,magnum",13164.0
"choco_pie,ketchup,towel",17367.0
"choco_pie,ketchup,tissue",21663.0
"choco_pie,ketchup,pepsi",26051.0
"choco_pie,ketchup,maaza",26051.0
"choco_pie,ketchup,icecream",17460.0
"choco_pie,ketchup,paneer",13164.0
"choco_pie,ketchup,milkmaid",21755.0
"choco_pie,ketchup,deo",13072.0
"choco_pie,ketchup,papad",17460.0
"choco_pie,ketchup,nuggets",26051.0
"choco_pie,ketchup,sugar",12979.0
"choco_pie,maggi,mariegold",13164.0
"choco_pie,maggi,magnum",13164.0
"choco_pie,maggi,towel",17367.0
"choco_pie,maggi,tissue",21663.0
"choco_pie,maggi,pepsi",26051.0
"choco_pie,maggi,maaza",26051.0
"choco_pie,maggi,icecream",17460.0
"choco_pie,maggi,paneer",13164.0
"choco_pie,maggi,milkmaid",21755.0
"choco_pie,maggi,deo",13072.0
"choco_pie,maggi,papad",17460.0
"choco_pie,maggi,nuggets",26051.0
"choco_pie,maggi,sugar",12979.0
"choco_pie,mariegold,magnum",13164.0
"choco_pie,mariegold,icecream",13164.0
"choco_pie,mariegold,paneer",13164.0
"choco_pie,mariegold,papad",13164.0
"choco_pie,magnum,icecream",13164.0
"choco_pie,magnum,paneer",13164.0
"choco_pie,magnum,papad",13164.0
"choco_pie,towel,tissue",17367.0
"choco_pie,towel,pepsi",17367.0
"choco_pie,towel,maaza",17367.0
"choco_pie,towel,milkmaid",17367.0
"choco_pie,towel,nuggets",17367.0
"choco_pie,towel,sugar",12979.0
"choco_pie,tissue,pepsi",21663.0
"choco_pie,tissue,maaza",21663.0
"choco_pie,tissue,milkmaid",17367.0
"choco_pie,tissue,nuggets",21663.0
"choco_pie,tissue,sugar",12979.0
"choco_pie,pepsi,maaza",26051.0
"choco_pie,pepsi,icecream",13072.0
"choco_pie,pepsi,milkmaid",21755.0
"choco_pie,pepsi,papad",13072.0
"choco_pie,pepsi,nuggets",26051.0
"choco_pie,pepsi,sugar",12979.0
"choco_pie,maaza,icecream",13072.0
"choco_pie,maaza,milkmaid",21755.0
"choco_pie,maaza,papad",13072.0
"choco_pie,maaza,nuggets",26051.0
"choco_pie,maaza,sugar",12979.0
"choco_pie,icecream,paneer",13164.0
"choco_pie,icecream,deo",13072.0
"choco_pie,icecream,papad",17460.0
"choco_pie,icecream,nuggets",13072.0
"choco_pie,paneer,papad",13164.0
"choco_pie,milkmaid,nuggets",21755.0
"choco_pie,milkmaid,sugar",12979.0
"choco_pie,deo,papad",13072.0
"choco_pie,papad,nuggets",13072.0
"choco_pie,nuggets,sugar",12979.0
"pants,slim_shirt,curtains",13164.0
"pants,slim_shirt,bedsheets",13164.0
"pants,slim_shirt,tiffin",13164.0
"pants,slim_shirt,bottle",13164.0
"pants,slim_shirt,pears",13072.0
"pants,slim_shirt,hairoil",13072.0
"pants,slim_shirt,shampoo",13072.0
"pants,slim_shirt,ketchup",21755.0
"pants,slim_shirt,maggi",21755.0
"pants,slim_shirt,towel",13072.0
"pants,slim_shirt,tissue",21848.0
"pants,slim_shirt,pepsi",17460.0
"pants,slim_shirt,maaza",17460.0
"pants,slim_shirt,icecream",17459.0
"pants,slim_shirt,deo",21847.0
"pants,slim_shirt,papad",17459.0
"pants,slim_shirt,nuggets",17460.0
"pants,curtains,bedsheets",13164.0
"pants,curtains,tissue",13164.0
"pants,curtains,deo",13164.0
"pants,bedsheets,tissue",13164.0
"pants,bedsheets,deo",13164.0
"pants,tiffin,bottle",13164.0
"pants,tiffin,tissue",13164.0
"pants,tiffin,deo",13164.0
"pants,bottle,tissue",13164.0
"pants,bottle,deo",13164.0
"pants,pears,hairoil",13072.0
"pants,pears,shampoo",13072.0
"pants,pears,towel",13072.0
"pants,pears,tissue",13072.0
"pants,hairoil,shampoo",13072.0
"pants,hairoil,towel",13072.0
"pants,hairoil,tissue",13072.0
"pants,shampoo,towel",13072.0
"pants,shampoo,tissue",13072.0
"pants,ketchup,maggi",21755.0
"pants,ketchup,tissue",17460.0
"pants,ketchup,pepsi",17460.0
"pants,ketchup,maaza",17460.0
"pants,ketchup,icecream",17459.0
"pants,ketchup,deo",17459.0
"pants,ketchup,papad",17459.0
"pants,ketchup,nuggets",17460.0
"pants,maggi,tissue",17460.0
"pants,maggi,pepsi",17460.0
"pants,maggi,maaza",17460.0
"pants,maggi,icecream",17459.0
"pants,maggi,deo",17459.0
"pants,maggi,papad",17459.0
"pants,maggi,nuggets",17460.0
"pants,towel,tissue",13072.0
"pants,tissue,pepsi",17460.0
"pants,tissue,maaza",17460.0
"pants,tissue,icecream",13164.0
"pants,tissue,deo",17552.0
"pants,tissue,papad",13164.0
"pants,tissue,nuggets",17460.0
"pants,pepsi,maaza",17460.0
"pants,pepsi,icecream",13164.0
"pants,pepsi,deo",13164.0
"pants,pepsi,papad",13164.0
"pants,pepsi,nuggets",17460.0
"pants,maaza,icecream",13164.0
"pants,maaza,deo",13164.0
"pants,maaza,papad",13164.0
"pants,maaza,nuggets",17460.0
"pants,icecream,deo",17459.0
"pants,icecream,papad",17459.0
"pants,icecream,nuggets",13164.0
"pants,deo,papad",17459.0
"pants,deo,nuggets",13164.0
"pants,papad,nuggets",13164.0
"slim_shirt,curtains,bedsheets",13164.0
"slim_shirt,curtains,tissue",13164.0
"slim_shirt,curtains,deo",13164.0
"slim_shirt,bedsheets,hairoil",13164.0
"slim_shirt,bedsheets,shampoo",13164.0
"slim_shirt,bedsheets,ketchup",13164.0
"slim_shirt,bedsheets,maggi",13164.0
"slim_shirt,bedsheets,tissue",13164.0
"slim_shirt,bedsheets,icecream",13164.0
"slim_shirt,bedsheets,deo",17552.0
"slim_shirt,bedsheets,papad",13164.0
"slim_shirt,tiffin,bottle",13164.0
"slim_shirt,tiffin,tissue",13164.0
"slim_shirt,tiffin,deo",13164.0
"slim_shirt,bottle,tissue",13164.0
"slim_shirt,bottle,deo",13164.0
"slim_shirt,pears,hairoil",13072.0
"slim_shirt,pears,shampoo",13072.0
"slim_shirt,pears,towel",13072.0
"slim_shirt,pears,tissue",13072.0
"slim_shirt,hairoil,shampoo",17460.0
"slim_shirt,hairoil,ketchup",13072.0
"slim_shirt,hairoil,maggi",13072.0
"slim_shirt,hairoil,towel",13072.0
"slim_shirt,hairoil,tissue",13072.0
"slim_shirt,hairoil,deo",13164.0
"slim_shirt,shampoo,ketchup",13072.0
"slim_shirt,shampoo,maggi",13072.0
"slim_shirt,shampoo,towel",13072.0
"slim_shirt,shampoo,tissue",13072.0
"slim_shirt,shampoo,deo",13164.0
"slim_shirt,ketchup,maggi",26143.0
"slim_shirt,ketchup,mariegold",13071.0
"slim_shirt,ketchup,magnum",13071.0
"slim_shirt,ketchup,tissue",17460.0
"slim_shirt,ketchup,pepsi",17460.0
"slim_shirt,ketchup,maaza",17460.0
"slim_shirt,ketchup,icecream",21847.0
"slim_shirt,ketchup,paneer",13071.0
"slim_shirt,ketchup,deo",21847.0
"slim_shirt,ketchup,papad",21847.0
"slim_shirt,ketchup,nuggets",17460.0
"slim_shirt,maggi,mariegold",13071.0
"slim_shirt,maggi,magnum",13071.0
"slim_shirt,maggi,tissue",17460.0
"slim_shirt,maggi,pepsi",17460.0
"slim_shirt,maggi,maaza",17460.0
"slim_shirt,maggi,icecream",21847.0
"slim_shirt,maggi,paneer",13071.0
"slim_shirt,maggi,deo",21847.0
"slim_shirt,maggi,papad",21847.0
"slim_shirt,maggi,nuggets",17460.0
"slim_shirt,mariegold,magnum",13071.0
"slim_shirt,mariegold,icecream",13071.0
"slim_shirt,mariegold,paneer",13071.0
"slim_shirt,mariegold,deo",13071.0
"slim_shirt,mariegold,papad",13071.0
"slim_shirt,magnum,icecream",13071.0
"slim_shirt,magnum,paneer",13071.0
"slim_shirt,magnum,deo",13071.0
"slim_shirt,magnum,papad",13071.0
"slim_shirt,towel,tissue",13072.0
"slim_shirt,tissue,pepsi",17460.0
"slim_shirt,tissue,maaza",17460.0
"slim_shirt,tissue,icecream",13164.0
"slim_shirt,tissue,deo",17552.0
"slim_shirt,tissue,papad",13164.0
"slim_shirt,tissue,nuggets",17460.0
"slim_shirt,pepsi,maaza",17460.0
"slim_shirt,pepsi,icecream",13164.0
"slim_shirt,pepsi,deo",13164.0
"slim_shirt,pepsi,papad",13164.0
"slim_shirt,pepsi,nuggets",17460.0
"slim_shirt,maaza,icecream",13164.0
"slim_shirt,maaza,deo",13164.0
"slim_shirt,maaza,papad",13164.0
"slim_shirt,maaza,nuggets",17460.0
"slim_shirt,icecream,paneer",13071.0
"slim_shirt,icecream,deo",21847.0
"slim_shirt,icecream,papad",21847.0
"slim_shirt,icecream,nuggets",13164.0
"slim_shirt,paneer,deo",13071.0
"slim_shirt,paneer,papad",13071.0
"slim_shirt,deo,papad",21847.0
"slim_shirt,deo,nuggets",13164.0
"slim_shirt,papad,nuggets",13164.0
"shirt,tiffin,bottle",13072.0
"shirt,tiffin,deo",13072.0
"shirt,bottle,deo",13072.0
"nescafe,ketchup,maggi",13164.0
"tea,ketchup,maggi",12980.0
"tea,ketchup,mariegold",12980.0
"tea,ketchup,magnum",12980.0
"tea,ketchup,icecream",12980.0
"tea,ketchup,paneer",12980.0
"tea,ketchup,papad",12980.0
"tea,maggi,mariegold",12980.0
"tea,maggi,magnum",12980.0
"tea,maggi,icecream",12980.0
"tea,maggi,paneer",12980.0
"tea,maggi,papad",12980.0
"tea,mariegold,magnum",12980.0
"tea,mariegold,icecream",12980.0
"tea,mariegold,paneer",12980.0
"tea,mariegold,papad",12980.0
"tea,magnum,icecream",12980.0
"tea,magnum,paneer",12980.0
"tea,magnum,papad",12980.0
"tea,icecream,paneer",12980.0
"tea,icecream,papad",12980.0
"tea,paneer,papad",12980.0
"curtains,bedsheets,tiffin",13164.0
"curtains,bedsheets,bottle",13164.0
"curtains,bedsheets,det_soap",13164.0
"curtains,bedsheets,clg_plax",13164.0
"curtains,bedsheets,pears",13164.0
"curtains,bedsheets,hairoil",13164.0
"curtains,bedsheets,shampoo",13164.0
"curtains,bedsheets,ketchup",13071.0
"curtains,bedsheets,maggi",13071.0
"curtains,bedsheets,towel",17459.0
"curtains,bedsheets,tissue",21847.0
"curtains,bedsheets,pepsi",13071.0
"curtains,bedsheets,maaza",13071.0
"curtains,bedsheets,deo",13164.0
"curtains,bedsheets,nuggets",13071.0
"curtains,bedsheets,sugar",13071.0
"curtains,tiffin,bottle",13164.0
"curtains,tiffin,det_soap",13164.0
"curtains,tiffin,clg_plax",13164.0
"curtains,tiffin,pears",13164.0
"curtains,tiffin,hairoil",13164.0
"curtains,tiffin,shampoo",13164.0
"curtains,tiffin,towel",13164.0
"curtains,tiffin,tissue",13164.0
"curtains,bottle,det_soap",13164.0
"curtains,bottle,clg_plax",13164.0
"curtains,bottle,pears",13164.0
"curtains,bottle,hairoil",13164.0
"curtains,bottle,shampoo",13164.0
"curtains,bottle,towel",13164.0
"curtains,bottle,tissue",13164.0
"curtains,det_soap,clg_plax",13164.0
"curtains,det_soap,pears",13164.0
"curtains,det_soap,hairoil",13164.0
"curtains,det_soap,shampoo",13164.0
"curtains,det_soap,towel",13164.0
"curtains,det_soap,tissue",13164.0
"curtains,clg_plax,pears",13164.0
"curtains,clg_plax,hairoil",13164.0
"curtains,clg_plax,shampoo",13164.0
"curtains,clg_plax,towel",13164.0
"curtains,clg_plax,tissue",13164.0
"curtains,pears,hairoil",13164.0
"curtains,pears,shampoo",13164.0
"curtains,pears,towel",13164.0
"curtains,pears,tissue",13164.0
"curtains,hairoil,shampoo",13164.0
"curtains,hairoil,towel",13164.0
"curtains,hairoil,tissue",13164.0
"curtains,shampoo,towel",13164.0
"curtains,shampoo,tissue",13164.0
"curtains,KK_oil,ketchup",12979.0
"curtains,KK_oil,maggi",12979.0
"curtains,KK_oil,tissue",12979.0
"curtains,KK_oil,pepsi",12979.0
"curtains,KK_oil,maaza",12979.0
"curtains,KK_oil,nuggets",12979.0
"curtains,ketchup,maggi",17367.0
"curtains,ketchup,tissue",17367.0
"curtains,ketchup,pepsi",17367.0
"curtains,ketchup,maaza",17367.0
"curtains,ketchup,icecream",13072.0
"curtains,ketchup,deo",13072.0
"curtains,ketchup,papad",13072.0
"curtains,ketchup,nuggets",17367.0
"curtains,maggi,tissue",17367.0
"curtains,maggi,pepsi",17367.0
"curtains,maggi,maaza",17367.0
"curtains,maggi,icecream",13072.0
"curtains,maggi,deo",13072.0
"curtains,maggi,papad",13072.0
"curtains,maggi,nuggets",17367.0
"curtains,towel,tissue",17459.0
"curtains,towel,sugar",13071.0
"curtains,tissue,pepsi",17367.0
"curtains,tissue,maaza",17367.0
"curtains,tissue,icecream",13072.0
"curtains,tissue,deo",17460.0
"curtains,tissue,papad",13072.0
"curtains,tissue,nuggets",17367.0
"curtains,tissue,sugar",13071.0
"curtains,pepsi,maaza",17367.0
"curtains,pepsi,icecream",13072.0
"curtains,pepsi,deo",13072.0
"curtains,pepsi,papad",13072.0
"curtains,pepsi,nuggets",17367.0
"curtains,maaza,icecream",13072.0
"curtains,maaza,deo",13072.0
"curtains,maaza,papad",13072.0
"curtains,maaza,nuggets",17367.0
"curtains,icecream,deo",13072.0
"curtains,icecream,papad",13072.0
"curtains,icecream,nuggets",13072.0
"curtains,deo,papad",13072.0
"curtains,deo,nuggets",13072.0
"curtains,papad,nuggets",13072.0
"bedsheets,tiffin,bottle",13164.0
"bedsheets,tiffin,det_soap",13164.0
"bedsheets,tiffin,clg_plax",13164.0
"bedsheets,tiffin,pears",13164.0
"bedsheets,tiffin,hairoil",13164.0
"bedsheets,tiffin,shampoo",13164.0
"bedsheets,tiffin,towel",13164.0
"bedsheets,tiffin,tissue",13164.0
"bedsheets,bottle,det_soap",13164.0
"bedsheets,bottle,clg_plax",13164.0
"bedsheets,bottle,pears",13164.0
"bedsheets,bottle,hairoil",13164.0
"bedsheets,bottle,shampoo",13164.0
"bedsheets,bottle,towel",13164.0
"bedsheets,bottle,tissue",13164.0
"bedsheets,det_soap,clg_plax",13164.0
"bedsheets,det_soap,pears",13164.0
"bedsheets,det_soap,hairoil",13164.0
"bedsheets,det_soap,shampoo",13164.0
"bedsheets,det_soap,towel",13164.0
"bedsheets,det_soap,tissue",13164.0
"bedsheets,clg_plax,pears",13164.0
"bedsheets,clg_plax,hairoil",13164.0
"bedsheets,clg_plax,shampoo",13164.0
"bedsheets,clg_plax,towel",13164.0
"bedsheets,clg_plax,tissue",13164.0
"bedsheets,pears,hairoil",13164.0
"bedsheets,pears,shampoo",13164.0
"bedsheets,pears,towel",13164.0
"bedsheets,pears,tissue",13164.0
"bedsheets,hairoil,shampoo",17552.0
"bedsheets,hairoil,towel",13164.0
"bedsheets,hairoil,tissue",13164.0
"bedsheets,hairoil,deo",13164.0
"bedsheets,shampoo,towel",13164.0
"bedsheets,shampoo,tissue",13164.0
"bedsheets,shampoo,deo",13164.0
"bedsheets,ketchup,maggi",17459.0
"bedsheets,ketchup,tissue",13071.0
"bedsheets,ketchup,pepsi",13071.0
"bedsheets,ketchup,maaza",13071.0
"bedsheets,ketchup,icecream",13164.0
"bedsheets,ketchup,deo",13164.0
"bedsheets,ketchup,papad",13164.0
"bedsheets,ketchup,nuggets",13071.0
"bedsheets,maggi,tissue",13071.0
"bedsheets,maggi,pepsi",13071.0
"bedsheets,maggi,maaza",13071.0
"bedsheets,maggi,icecream",13164.0
"bedsheets,maggi,deo",13164.0
"bedsheets,maggi,papad",13164.0
"bedsheets,maggi,nuggets",13071.0
"bedsheets,towel,tissue",17459.0
"bedsheets,towel,sugar",13071.0
"bedsheets,tissue,pepsi",13071.0
"bedsheets,tissue,maaza",13071.0
"bedsheets,tissue,deo",13164.0
"bedsheets,tissue,nuggets",13071.0
"bedsheets,tissue,sugar",13071.0
"bedsheets,pepsi,maaza",13071.0
"bedsheets,pepsi,nuggets",13071.0
"bedsheets,maaza,nuggets",13071.0
"bedsheets,icecream,deo",13164.0
"bedsheets,icecream,papad",13164.0
"bedsheets,deo,papad",13164.0
"tiffin,bottle,det_soap",13164.0
"tiffin,bottle,clg_plax",13164.0
"tiffin,bottle,pears",13164.0
"tiffin,bottle,hairoil",13164.0
"tiffin,bottle,shampoo",13164.0
"tiffin,bottle,ketchup",13072.0
"tiffin,bottle,maggi",13072.0
"tiffin,bottle,towel",13164.0
"tiffin,bottle,tissue",17552.0
"tiffin,bottle,icecream",13072.0
"tiffin,bottle,deo",17460.0
"tiffin,bottle,papad",13072.0
"tiffin,det_soap,clg_plax",13164.0
"tiffin,det_soap,pears",13164.0
"tiffin,det_soap,hairoil",13164.0
"tiffin,det_soap,shampoo",13164.0
"tiffin,det_soap,towel",13164.0
"tiffin,det_soap,tissue",13164.0
"tiffin,clg_plax,pears",13164.0
"tiffin,clg_plax,hairoil",13164.0
"tiffin,clg_plax,shampoo",13164.0
"tiffin,clg_plax,towel",13164.0
"tiffin,clg_plax,tissue",13164.0
"tiffin,pears,hairoil",13164.0
"tiffin,pears,shampoo",13164.0
"tiffin,pears,towel",13164.0
"tiffin,pears,tissue",13164.0
"tiffin,hairoil,shampoo",13164.0
"tiffin,hairoil,towel",13164.0
"tiffin,hairoil,tissue",13164.0
"tiffin,shampoo,towel",13164.0
"tiffin,shampoo,tissue",13164.0
"tiffin,ketchup,maggi",13072.0
"tiffin,ketchup,icecream",13072.0
"tiffin,ketchup,deo",13072.0
"tiffin,ketchup,papad",13072.0
"tiffin,maggi,icecream",13072.0
"tiffin,maggi,deo",13072.0
"tiffin,maggi,papad",13072.0
"tiffin,towel,tissue",13164.0
"tiffin,tissue,deo",13164.0
"tiffin,icecream,deo",13072.0
"tiffin,icecream,papad",13072.0
"tiffin,deo,papad",13072.0
"bottle,det_soap,clg_plax",13164.0
"bottle,det_soap,pears",13164.0
"bottle,det_soap,hairoil",13164.0
"bottle,det_soap,shampoo",13164.0
"bottle,det_soap,towel",13164.0
"bottle,det_soap,tissue",13164.0
"bottle,clg_plax,pears",13164.0
"bottle,clg_plax,hairoil",13164.0
"bottle,clg_plax,shampoo",13164.0
"bottle,clg_plax,towel",13164.0
"bottle,clg_plax,tissue",13164.0
"bottle,pears,hairoil",13164.0
"bottle,pears,shampoo",13164.0
"bottle,pears,towel",13164.0
"bottle,pears,tissue",13164.0
"bottle,hairoil,shampoo",13164.0
"bottle,hairoil,towel",13164.0
"bottle,hairoil,tissue",13164.0
"bottle,shampoo,towel",13164.0
"bottle,shampoo,tissue",13164.0
"bottle,ketchup,maggi",13072.0
"bottle,ketchup,icecream",13072.0
"bottle,ketchup,deo",13072.0
"bottle,ketchup,papad",13072.0
"bottle,maggi,icecream",13072.0
"bottle,maggi,deo",13072.0
"bottle,maggi,papad",13072.0
"bottle,towel,tissue",13164.0
"bottle,tissue,deo",13164.0
"bottle,icecream,deo",13072.0
"bottle,icecream,papad",13072.0
"bottle,deo,papad",13072.0
"det_soap,clg_plax,pears",13164.0
"det_soap,clg_plax,hairoil",13164.0
"det_soap,clg_plax,shampoo",13164.0
"det_soap,clg_plax,towel",13164.0
"det_soap,clg_plax,tissue",13164.0
"det_soap,pears,hairoil",13164.0
"det_soap,pears,shampoo",13164.0
"det_soap,pears,towel",13164.0
"det_soap,pears,tissue",13164.0
"det_soap,hairoil,shampoo",13164.0
"det_soap,hairoil,towel",13164.0
"det_soap,hairoil,tissue",13164.0
"det_soap,shampoo,towel",13164.0
"det_soap,shampoo,tissue",13164.0
"det_soap,towel,tissue",17459.0
"det_soap,towel,sugar",13071.0
"det_soap,tissue,sugar",13071.0
"clg_plax,pears,hairoil",13164.0
"clg_plax,pears,shampoo",13164.0
"clg_plax,pears,towel",13164.0
"clg_plax,pears,tissue",17459.0
"clg_plax,pears,deo",13071.0
"clg_plax,hairoil,shampoo",13164.0
"clg_plax,hairoil,towel",13164.0
"clg_plax,hairoil,tissue",13164.0
"clg_plax,shampoo,towel",13164.0
"clg_plax,shampoo,tissue",13164.0
"clg_plax,ketchup,maggi",21755.0
"clg_plax,ketchup,tissue",17459.0
"clg_plax,ketchup,pepsi",17459.0
"clg_plax,ketchup,maaza",17459.0
"clg_plax,ketchup,icecream",17367.0
"clg_plax,ketchup,deo",17367.0
"clg_plax,ketchup,papad",17367.0
"clg_plax,ketchup,nuggets",17459.0
"clg_plax,maggi,tissue",17459.0
"clg_plax,maggi,pepsi",17459.0
"clg_plax,maggi,maaza",17459.0
"clg_plax,maggi,icecream",17367.0
"clg_plax,maggi,deo",17367.0
"clg_plax,maggi,papad",17367.0
"clg_plax,maggi,nuggets",17459.0
"clg_plax,towel,tissue",17552.0
"clg_plax,towel,sugar",13164.0
"clg_plax,tissue,pepsi",17459.0
"clg_plax,tissue,maaza",17459.0
"clg_plax,tissue,icecream",13071.0
"clg_plax,tissue,deo",17459.0
"clg_plax,tissue,papad",13071.0
"clg_plax,tissue,nuggets",17459.0
"clg_plax,tissue,sugar",13164.0
"clg_plax,pepsi,maaza",17459.0
"clg_plax,pepsi,icecream",13071.0
"clg_plax,pepsi,deo",13071.0
"clg_plax,pepsi,papad",13071.0
"clg_plax,pepsi,nuggets",17459.0
"clg_plax,maaza,icecream",13071.0
"clg_plax,maaza,deo",13071.0
"clg_plax,maaza,papad",13071.0
"clg_plax,maaza,nuggets",17459.0
"clg_plax,icecream,deo",17367.0
"clg_plax,icecream,papad",17367.0
"clg_plax,icecream,nuggets",13071.0
"clg_plax,deo,papad",17367.0
"clg_plax,deo,nuggets",13071.0
"clg_plax,papad,nuggets",13071.0
"pears,hairoil,shampoo",17460.0
"pears,hairoil,towel",17460.0
"pears,hairoil,tissue",17460.0
"pears,hairoil,sugar",13072.0
"pears,shampoo,towel",17460.0
"pears,shampoo,tissue",17460.0
"pears,shampoo,sugar",13072.0
"pears,ketchup,maggi",12979.0
"pears,ketchup,tissue",12979.0
"pears,ketchup,pepsi",12979.0
"pears,ketchup,maaza",12979.0
"pears,ketchup,nuggets",12979.0
"pears,maggi,tissue",12979.0
"pears,maggi,pepsi",12979.0
"pears,maggi,maaza",12979.0
"pears,maggi,nuggets",12979.0
"pears,towel,tissue",17460.0
"pears,towel,sugar",13072.0
"pears,tissue,pepsi",12979.0
"pears,tissue,maaza",12979.0
"pears,tissue,deo",13071.0
"pears,tissue,nuggets",12979.0
"pears,tissue,sugar",13072.0
"pears,pepsi,maaza",12979.0
"pears,pepsi,nuggets",12979.0
"pears,maaza,nuggets",12979.0
"hairoil,shampoo,ketchup",13072.0
"hairoil,shampoo,maggi",13072.0
"hairoil,shampoo,towel",17460.0
"hairoil,shampoo,tissue",17460.0
"hairoil,shampoo,deo",13164.0
"hairoil,shampoo,sugar",13072.0
"hairoil,ketchup,maggi",13072.0
"hairoil,towel,tissue",17460.0
"hairoil,towel,sugar",13072.0
"hairoil,tissue,sugar",13072.0
"shampoo,ketchup,maggi",17368.0
"shampoo,ketchup,tissue",12980.0
"shampoo,ketchup,pepsi",12980.0
"shampoo,ketchup,maaza",12980.0
"shampoo,ketchup,icecream",13072.0
"shampoo,ketchup,deo",13072.0
"shampoo,ketchup,papad",13072.0
"shampoo,ketchup,nuggets",12980.0
"shampoo,maggi,tissue",12980.0
"shampoo,maggi,pepsi",12980.0
"shampoo,maggi,maaza",12980.0
"shampoo,maggi,icecream",13072.0
"shampoo,maggi,deo",13072.0
"shampoo,maggi,papad",13072.0
"shampoo,maggi,nuggets",12980.0
"shampoo,towel,tissue",17460.0
"shampoo,towel,sugar",13072.0
"shampoo,tissue,pepsi",12980.0
"shampoo,tissue,maaza",12980.0
"shampoo,tissue,deo",13072.0
"shampoo,tissue,nuggets",12980.0
"shampoo,tissue,sugar",13072.0
"shampoo,pepsi,maaza",12980.0
"shampoo,pepsi,nuggets",12980.0
"shampoo,maaza,nuggets",12980.0
"shampoo,icecream,deo",13072.0
"shampoo,icecream,papad",13072.0
"shampoo,deo,papad",13072.0
"pohe,rava,KK_oil",13072.0
"pohe,rava,ketchup",13072.0
"pohe,rava,maggi",13072.0
"pohe,rava,pepsi",13072.0
"pohe,rava,maaza",13072.0
"pohe,rava,icecream",13072.0
"pohe,rava,papad",13072.0
"pohe,rava,nuggets",13072.0
"pohe,KK_oil,ketchup",13072.0
"pohe,KK_oil,maggi",13072.0
"pohe,KK_oil,pepsi",13072.0
"pohe,KK_oil,maaza",13072.0
"pohe,KK_oil,icecream",13072.0
"pohe,KK_oil,papad",13072.0
"pohe,KK_oil,nuggets",13072.0
"pohe,ketchup,maggi",13072.0
"pohe,ketchup,pepsi",13072.0
"pohe,ketchup,maaza",13072.0
"pohe,ketchup,icecream",13072.0
"pohe,ketchup,papad",13072.0
"pohe,ketchup,nuggets",13072.0
"pohe,maggi,pepsi",13072.0
"pohe,maggi,maaza",13072.0
"pohe,maggi,icecream",13072.0
"pohe,maggi,papad",13072.0
"pohe,maggi,nuggets",13072.0
"pohe,pepsi,maaza",13072.0
"pohe,pepsi,icecream",13072.0
"pohe,pepsi,papad",13072.0
"pohe,pepsi,nuggets",13072.0
"pohe,maaza,icecream",13072.0
"pohe,maaza,papad",13072.0
"pohe,maaza,nuggets",13072.0
"pohe,icecream,papad",13072.0
"pohe,icecream,nuggets",13072.0
"pohe,papad,nuggets",13072.0
"rava,KK_oil,ketchup",13072.0
"rava,KK_oil,maggi",13072.0
"rava,KK_oil,pepsi",13072.0
"rava,KK_oil,maaza",13072.0
"rava,KK_oil,icecream",13072.0
"rava,KK_oil,papad",13072.0
"rava,KK_oil,nuggets",13072.0
"rava,ketchup,maggi",13072.0
"rava,ketchup,pepsi",13072.0
"rava,ketchup,maaza",13072.0
"rava,ketchup,icecream",13072.0
"rava,ketchup,papad",13072.0
"rava,ketchup,nuggets",13072.0
"rava,maggi,pepsi",13072.0
"rava,maggi,maaza",13072.0
"rava,maggi,icecream",13072.0
"rava,maggi,papad",13072.0
"rava,maggi,nuggets",13072.0
"rava,pepsi,maaza",13072.0
"rava,pepsi,icecream",13072.0
"rava,pepsi,papad",13072.0
"rava,pepsi,nuggets",13072.0
"rava,maaza,icecream",13072.0
"rava,maaza,papad",13072.0
"rava,maaza,nuggets",13072.0
"rava,icecream,papad",13072.0
"rava,icecream,nuggets",13072.0
"rava,papad,nuggets",13072.0
"ghee,KK_oil,bournvita",13071.0
"ghee,KK_oil,ketchup",13071.0
"ghee,KK_oil,maggi",13071.0
"ghee,KK_oil,pepsi",13071.0
"ghee,KK_oil,maaza",13071.0
"ghee,KK_oil,milkmaid",13071.0
"ghee,KK_oil,nuggets",13071.0
"ghee,bournvita,ketchup",13071.0
"ghee,bournvita,maggi",13071.0
"ghee,bournvita,pepsi",13071.0
"ghee,bournvita,maaza",13071.0
"ghee,bournvita,milkmaid",13071.0
"ghee,bournvita,nuggets",13071.0
"ghee,ketchup,maggi",13071.0
"ghee,ketchup,pepsi",13071.0
"ghee,ketchup,maaza",13071.0
"ghee,ketchup,milkmaid",13071.0
"ghee,ketchup,nuggets",13071.0
"ghee,maggi,pepsi",13071.0
"ghee,maggi,maaza",13071.0
"ghee,maggi,milkmaid",13071.0
"ghee,maggi,nuggets",13071.0
"ghee,pepsi,maaza",13071.0
"ghee,pepsi,milkmaid",13071.0
"ghee,pepsi,nuggets",13071.0
"ghee,maaza,milkmaid",13071.0
"ghee,maaza,nuggets",13071.0
"ghee,milkmaid,nuggets",13071.0
"KK_oil,bournvita,ketchup",13071.0
"KK_oil,bournvita,maggi",13071.0
"KK_oil,bournvita,pepsi",13071.0
"KK_oil,bournvita,maaza",13071.0
"KK_oil,bournvita,milkmaid",13071.0
"KK_oil,bournvita,nuggets",13071.0
"KK_oil,ketchup,maggi",21662.0
"KK_oil,ketchup,mariegold",13071.0
"KK_oil,ketchup,magnum",13071.0
"KK_oil,ketchup,tissue",12979.0
"KK_oil,ketchup,pepsi",17367.0
"KK_oil,ketchup,maaza",17367.0
"KK_oil,ketchup,icecream",17367.0
"KK_oil,ketchup,paneer",13071.0
"KK_oil,ketchup,milkmaid",13071.0
"KK_oil,ketchup,deo",12979.0
"KK_oil,ketchup,papad",17367.0
"KK_oil,ketchup,nuggets",17367.0
"KK_oil,maggi,mariegold",13071.0
"KK_oil,maggi,magnum",13071.0
"KK_oil,maggi,tissue",12979.0
"KK_oil,maggi,pepsi",17367.0
"KK_oil,maggi,maaza",17367.0
"KK_oil,maggi,icecream",17367.0
"KK_oil,maggi,paneer",13071.0
"KK_oil,maggi,milkmaid",13071.0
"KK_oil,maggi,deo",12979.0
"KK_oil,maggi,papad",17367.0
"KK_oil,maggi,nuggets",17367.0
"KK_oil,mariegold,magnum",13071.0
"KK_oil,mariegold,icecream",13071.0
"KK_oil,mariegold,paneer",13071.0
"KK_oil,mariegold,papad",13071.0
"KK_oil,magnum,icecream",13071.0
"KK_oil,magnum,paneer",13071.0
"KK_oil,magnum,papad",13071.0
"KK_oil,tissue,pepsi",12979.0
"KK_oil,tissue,maaza",12979.0
"KK_oil,tissue,nuggets",12979.0
"KK_oil,pepsi,maaza",17367.0
"KK_oil,pepsi,icecream",13072.0
"KK_oil,pepsi,milkmaid",13071.0
"KK_oil,pepsi,papad",13072.0
"KK_oil,pepsi,nuggets",17367.0
"KK_oil,maaza,icecream",13072.0
"KK_oil,maaza,milkmaid",13071.0
"KK_oil,maaza,papad",13072.0
"KK_oil,maaza,nuggets",17367.0
"KK_oil,icecream,paneer",13071.0
"KK_oil,icecream,deo",12979.0
"KK_oil,icecream,papad",17367.0
"KK_oil,icecream,nuggets",13072.0
"KK_oil,paneer,papad",13071.0
"KK_oil,milkmaid,nuggets",13071.0
"KK_oil,deo,papad",12979.0
"KK_oil,papad,nuggets",13072.0
"bournvita,ketchup,maggi",39122.0
"bournvita,ketchup,towel",34734.0
"bournvita,ketchup,tissue",34734.0
"bournvita,ketchup,pepsi",39122.0
"bournvita,ketchup,maaza",39122.0
"bournvita,ketchup,milkmaid",39122.0
"bournvita,ketchup,nuggets",39122.0
"bournvita,ketchup,sugar",30346.0
"bournvita,maggi,towel",34734.0
"bournvita,maggi,tissue",34734.0
"bournvita,maggi,pepsi",39122.0
"bournvita,maggi,maaza",39122.0
"bournvita,maggi,milkmaid",39122.0
"bournvita,maggi,nuggets",39122.0
"bournvita,maggi,sugar",30346.0
"bournvita,towel,tissue",34734.0
"bournvita,towel,pepsi",34734.0
"bournvita,towel,maaza",34734.0
"bournvita,towel,milkmaid",34734.0
"bournvita,towel,nuggets",34734.0
"bournvita,towel,sugar",30346.0
"bournvita,tissue,pepsi",34734.0
"bournvita,tissue,maaza",34734.0
"bournvita,tissue,milkmaid",34734.0
"bournvita,tissue,nuggets",34734.0
"bournvita,tissue,sugar",30346.0
"bournvita,pepsi,maaza",39122.0
"bournvita,pepsi,milkmaid",39122.0
"bournvita,pepsi,nuggets",39122.0
"bournvita,pepsi,sugar",30346.0
"bournvita,maaza,milkmaid",39122.0
"bournvita,maaza,nuggets",39122.0
"bournvita,maaza,sugar",30346.0
"bournvita,milkmaid,nuggets",39122.0
"bournvita,milkmaid,sugar",30346.0
"bournvita,nuggets,sugar",30346.0
"ketchup,maggi,mariegold",34827.0
"ketchup,maggi,magnum",34827.0
"ketchup,maggi,towel",34734.0
"ketchup,maggi,tissue",60785.0
"ketchup,maggi,pepsi",65173.0
"ketchup,maggi,maaza",65173.0
"ketchup,maggi,icecream",60878.0
"ketchup,maggi,paneer",34827.0
"ketchup,maggi,milkmaid",39122.0
"ketchup,maggi,deo",56490.0
"ketchup,maggi,papad",60878.0
"ketchup,maggi,nuggets",65173.0
"ketchup,maggi,sugar",30346.0
"ketchup,mariegold,magnum",34827.0
"ketchup,mariegold,icecream",34827.0
"ketchup,mariegold,paneer",34827.0
"ketchup,mariegold,deo",30439.0
"ketchup,mariegold,papad",34827.0
"ketchup,magnum,icecream",34827.0
"ketchup,magnum,paneer",34827.0
"ketchup,magnum,deo",30439.0
"ketchup,magnum,papad",34827.0
"ketchup,towel,tissue",34734.0
"ketchup,towel,pepsi",34734.0
"ketchup,towel,maaza",34734.0
"ketchup,towel,milkmaid",34734.0
"ketchup,towel,nuggets",34734.0
"ketchup,towel,sugar",30346.0
"ketchup,tissue,pepsi",60785.0
"ketchup,tissue,maaza",60785.0
"ketchup,tissue,icecream",30439.0
"ketchup,tissue,milkmaid",34734.0
"ketchup,tissue,deo",30439.0
"ketchup,tissue,papad",30439.0
"ketchup,tissue,nuggets",60785.0
"ketchup,tissue,sugar",30346.0
"ketchup,pepsi,maaza",65173.0
"ketchup,pepsi,icecream",34827.0
"ketchup,pepsi,milkmaid",39122.0
"ketchup,pepsi,deo",30439.0
"ketchup,pepsi,papad",34827.0
"ketchup,pepsi,nuggets",65173.0
"ketchup,pepsi,sugar",30346.0
"ketchup,maaza,icecream",34827.0
"ketchup,maaza,milkmaid",39122.0
"ketchup,maaza,deo",30439.0
"ketchup,maaza,papad",34827.0
"ketchup,maaza,nuggets",65173.0
"ketchup,maaza,sugar",30346.0
"ketchup,icecream,paneer",34827.0
"ketchup,icecream,deo",56490.0
"ketchup,icecream,papad",60878.0
"ketchup,icecream,nuggets",34827.0
"ketchup,paneer,deo",30439.0
"ketchup,paneer,papad",34827.0
"ketchup,milkmaid,nuggets",39122.0
"ketchup,milkmaid,sugar",30346.0
"ketchup,deo,papad",56490.0
"ketchup,deo,nuggets",30439.0
"ketchup,papad,nuggets",34827.0
"ketchup,nuggets,sugar",30346.0
"maggi,mariegold,magnum",34827.0
"maggi,mariegold,icecream",34827.0
"maggi,mariegold,paneer",34827.0
"maggi,mariegold,deo",30439.0
"maggi,mariegold,papad",34827.0
"maggi,magnum,icecream",34827.0
"maggi,magnum,paneer",34827.0
"maggi,magnum,deo",30439.0
"maggi,magnum,papad",34827.0
"maggi,towel,tissue",34734.0
"maggi,towel,pepsi",34734.0
"maggi,towel,maaza",34734.0
"maggi,towel,milkmaid",34734.0
"maggi,towel,nuggets",34734.0
"maggi,towel,sugar",30346.0
"maggi,tissue,pepsi",60785.0
"maggi,tissue,maaza",60785.0
"maggi,tissue,icecream",30439.0
"maggi,tissue,milkmaid",34734.0
"maggi,tissue,deo",30439.0
"maggi,tissue,papad",30439.0
"maggi,tissue,nuggets",60785.0
"maggi,tissue,sugar",30346.0
"maggi,pepsi,maaza",65173.0
"maggi,pepsi,icecream",34827.0
"maggi,pepsi,milkmaid",39122.0
"maggi,pepsi,deo",30439.0
"maggi,pepsi,papad",34827.0
"maggi,pepsi,nuggets",65173.0
"maggi,pepsi,sugar",30346.0
"maggi,maaza,icecream",34827.0
"maggi,maaza,milkmaid",39122.0
"maggi,maaza,deo",30439.0
"maggi,maaza,papad",34827.0
"maggi,maaza,nuggets",65173.0
"maggi,maaza,sugar",30346.0
"maggi,icecream,paneer",34827.0
"maggi,icecream,deo",56490.0
"maggi,icecream,papad",60878.0
"maggi,icecream,nuggets",34827.0
"maggi,paneer,deo",30439.0
"maggi,paneer,papad",34827.0
"maggi,milkmaid,nuggets",39122.0
"maggi,milkmaid,sugar",30346.0
"maggi,deo,papad",56490.0
"maggi,deo,nuggets",30439.0
"maggi,papad,nuggets",34827.0
"maggi,nuggets,sugar",30346.0
"mariegold,magnum,icecream",34827.0
"mariegold,magnum,paneer",34827.0
"mariegold,magnum,deo",30439.0
"mariegold,magnum,papad",34827.0
"mariegold,icecream,paneer",34827.0
"mariegold,icecream,deo",30439.0
"mariegold,icecream,papad",34827.0
"mariegold,paneer,deo",30439.0
"mariegold,paneer,papad",34827.0
"mariegold,deo,papad",30439.0
"magnum,icecream,paneer",34827.0
"magnum,icecream,deo",30439.0
"magnum,icecream,papad",34827.0
"magnum,paneer,deo",30439.0
"magnum,paneer,papad",34827.0
"magnum,deo,papad",30439.0
"towel,tissue,pepsi",34734.0
"towel,tissue,maaza",34734.0
"towel,tissue,milkmaid",34734.0
"towel,tissue,nuggets",34734.0
"towel,tissue,sugar",39122.0
"towel,pepsi,maaza",34734.0
"towel,pepsi,milkmaid",34734.0
"towel,pepsi,nuggets",34734.0
"towel,pepsi,sugar",30346.0
"towel,maaza,milkmaid",34734.0
"towel,maaza,nuggets",34734.0
"towel,maaza,sugar",30346.0
"towel,milkmaid,nuggets",34734.0
"towel,milkmaid,sugar",30346.0
"towel,nuggets,sugar",30346.0
"tissue,pepsi,maaza",60785.0
"tissue,pepsi,icecream",30439.0
"tissue,pepsi,milkmaid",34734.0
"tissue,pepsi,deo",30439.0
"tissue,pepsi,papad",30439.0
"tissue,pepsi,nuggets",60785.0
"tissue,pepsi,sugar",30346.0
"tissue,maaza,icecream",30439.0
"tissue,maaza,milkmaid",34734.0
"tissue,maaza,deo",30439.0
"tissue,maaza,papad",30439.0
"tissue,maaza,nuggets",60785.0
"tissue,maaza,sugar",30346.0
"tissue,icecream,deo",30439.0
"tissue,icecream,papad",30439.0
"tissue,icecream,nuggets",30439.0
"tissue,milkmaid,nuggets",34734.0
"tissue,milkmaid,sugar",30346.0
"tissue,deo,papad",30439.0
"tissue,deo,nuggets",30439.0
"tissue,papad,nuggets",30439.0
"tissue,nuggets,sugar",30346.0
"pepsi,maaza,icecream",34827.0
"pepsi,maaza,milkmaid",39122.0
"pepsi,maaza,deo",30439.0
"pepsi,maaza,papad",34827.0
"pepsi,maaza,nuggets",65173.0
"pepsi,maaza,sugar",30346.0
"pepsi,icecream,deo",30439.0
"pepsi,icecream,papad",34827.0
"pepsi,icecream,nuggets",34827.0
"pepsi,milkmaid,nuggets",39122.0
"pepsi,milkmaid,sugar",30346.0
"pepsi,deo,papad",30439.0
"pepsi,deo,nuggets",30439.0
"pepsi,papad,nuggets",34827.0
"pepsi,nuggets,sugar",30346.0
"maaza,icecream,deo",30439.0
"maaza,icecream,papad",34827.0
"maaza,icecream,nuggets",34827.0
"maaza,milkmaid,nuggets",39122.0
"maaza,milkmaid,sugar",30346.0
"maaza,deo,papad",30439.0
"maaza,deo,nuggets",30439.0
"maaza,papad,nuggets",34827.0
"maaza,nuggets,sugar",30346.0
"icecream,paneer,deo",30439.0
"icecream,paneer,papad",34827.0
"icecream,deo,papad",56490.0
"icecream,deo,nuggets",30439.0
"icecream,papad,nuggets",34827.0
"paneer,deo,papad",30439.0
"milkmaid,nuggets,sugar",30346.0
"deo,papad,nuggets",30439.0
